	introduzione_gulpease_index	avv_prec_inter_gulpease_index	dosaggio_gulpease_index	effetti_indesiderati_gulpease_index
0	35.8	40.6	55.0	35.8
1	42.5	40.2	48.3	28.1
2	41.6	46.1	69.7	36.5
3	47.8	41.8	61.4	45.1
4	42.1	46.4	49.4	39.7
5	49.7	46.3	49.3	33.3
6	51.7	51.3	56.0	29.7
7	47.9	45.9	53.0	32.1
8	46.2	38.2	62.1	38.0
9	39.4	50.5	56.6	41.8
10	31.0	33.0	63.2	27.8
11	44.9	41.1	54.7	15.7
12	40.0	39.0	50.6	27.5
13	33.4	38.2	35.8	42.8
14	35.6	42.0	56.5	41.3
15	47.9	46.2	47.5	49.9
16	43.0	37.1	51.7	32.0
17	49.6	51.9	44.8	31.6
18	50.4	42.0	60.4	42.9
19	42.2	42.3	41.3	37.4
20	45.8	39.0	52.7	50.3
21	32.3	42.5	49.0	33.3
22	25.2	35.1	51.5	33.6
23	37.8	51.5	46.6	31.8
24	40.7	43.3	52.7	21.7
25	51.1	39.3	59.9	33.3
26	45.8	45.1	56.1	40.3
27	67.3	46.5	63.9	40.7
28	43.3	28.9	49.6	36.2
29	44.1	49.3	44.9	34.0
30	50.5	40.9	51.7	33.0
31	35.4	40.1	47.7	37.2
32	44.8	31.2	45.9	32.6
33	42.8	40.0	50.7	37.1
34	47.5	46.5	59.0	36.6
35	47.5	38.8	51.2	30.4
36	37.4	43.8	44.9	70.4
37	55.7	42.7	46.7	42.3
38	30.3	42.3	53.9	42.2
39	29.9	32.1	47.4	35.2
40	46.7	54.0	53.1	29.9
41	30.0	37.9	48.0	33.6
42	53.7	48.3	56.0	43.0
43	33.4	39.6	43.8	33.2
44	64.4	43.0	52.4	52.3
45	49.3	40.8	57.3	31.4
46	30.3	37.0	60.6	30.8
47	41.6	43.7	64.3	47.8
48	41.7	40.1	53.7	40.3
49	42.0	46.1	48.4	26.3
50	31.9	58.2	61.6	25.8
51	57.7	37.1	45.0	37.2
52	45.0	47.0	43.5	34.3
53	68.8	39.7	45.6	32.3
54	47.6	42.2	39.7	29.8
55	44.4	44.0	51.5	51.6
56	48.2	38.0	54.6	34.4
57	33.1	31.2	61.7	27.0
58	34.1	32.8	51.5	27.6
59	42.9	44.0	64.9	29.8
60	43.8	46.7	54.2	31.6
61	36.4	39.4	44.3	69.3
62	45.8	51.5	49.0	36.9
63	51.0	44.9	58.1	40.3
64	59.0	35.8	53.7	37.2
65	57.3	40.1	55.6	38.7
66	73.1	48.1	56.5	27.7
67	51.7	39.4	52.1	27.5
68	63.9	46.5	59.3	38.7
69	15.3	32.4	52.8	45.0
70	36.6	35.4	47.0	27.3
71	38.0	40.8	54.3	37.4
72	49.2	36.7	39.7	24.7
73	30.3	30.9	42.9	23.2
74	46.2	52.0	54.9	31.2
75	41.2	39.5	59.2	33.2
76	38.6	41.4	48.5	34.9
77	46.5	39.9	57.4	42.5
78	35.2	36.3	54.5	29.1
79	50.8	40.7	61.0	29.5
80	45.7	49.5	53.9	49.5
81	47.3	43.8	67.5	48.8
82	44.1	43.8	55.3	45.7
83	48.6	41.5	56.8	34.5
84	45.7	44.6	51.0	37.6
85	55.8	53.1	53.6	45.7
86	57.7	41.9	53.5	40.1
87	45.8	42.0	49.4	43.1
88	48.4	51.4	50.3	47.1
89	37.5	41.0	72.8	40.6
90	67.3	39.2	49.5	33.6
91	33.4	39.7	53.9	28.0
92	50.1	48.9	49.2	43.3
93	49.6	34.9	57.3	31.7
94	41.9	36.9	50.2	30.8
95	32.2	36.3	56.1	26.3
96	47.5	46.2	57.3	34.9
97	39.9	35.4	47.0	28.7
98	45.8	48.2	58.2	34.6
99	48.5	39.1	57.0	31.3
100	41.7	44.0	38.0	42.0
101	54.5	51.2	42.5	37.2
102	39.1	43.2	58.5	45.2
103	38.2	41.9	58.4	42.7
104	31.2	40.7	51.3	24.5
105	30.5	38.9	34.7	38.9
106	51.2	37.4	51.9	30.2
107	48.2	38.8	50.9	39.6
108	44.1	37.1	56.1	32.9
109	37.2	42.5	61.2	32.2
110	36.3	40.9	54.5	69.3
111	55.1	36.0	37.3	37.9
112	52.6	39.6	60.7	37.3
113	33.7	36.2	38.4	27.5
114	39.6	41.1	55.3	53.3
115	47.2	36.6	55.2	31.3
116	36.1	39.3	44.4	26.6
117	25.3	43.9	59.8	32.1
118	38.3	41.5	49.4	31.3
119	37.4	45.4	49.9	29.5
120	37.0	42.9	56.8	35.5
121	54.5	45.5	55.9	37.2
122	49.0	47.6	49.7	31.3
123	70.4	54.3	53.7	26.9
124	25.6	37.3	57.4	25.7
125	30.9	38.6	43.0	33.8
126	42.9	38.2	56.5	39.6
127	39.7	39.4	51.6	28.1
128	49.3	43.3	57.0	45.4
129	38.2	51.9	50.3	34.9
130	46.1	40.4	59.2	32.8
131	46.0	37.2	50.7	27.5
132	42.1	41.8	54.9	42.7
133	41.7	37.8	56.6	43.7
134	32.4	36.1	34.6	36.0
135	28.5	41.6	45.0	30.8
136	50.1	43.8	50.4	66.3
137	36.8	40.3	51.2	31.0
138	36.0	45.1	51.5	32.9
139	39.3	41.8	47.9	32.2
140	46.1	42.3	50.5	44.6
141	39.0	33.7	65.6	38.8
142	40.9	34.9	43.1	29.4
143	35.7	33.5	45.2	26.5
144	39.3	35.4	43.4	33.0
145	41.8	34.8	41.4	31.8
146	34.8	37.7	44.2	30.8
147	46.1	34.2	57.9	35.2
148	44.4	37.3	54.1	35.0
149	44.7	36.6	46.9	49.4
150	40.2	37.1	44.9	23.1
151	50.3	39.8	51.3	73.5
152	45.9	38.2	61.4	36.0
153	47.7	44.3	56.6	36.0
154	41.6	42.0	68.0	35.9
155	40.9	40.7	44.1	37.6
156	40.0	29.0	55.3	31.2
157	48.6	49.6	60.9	34.5
158	41.8	44.4	50.0	33.2
159	59.0	43.1	51.8	25.7
160	26.6	56.1	41.0	24.7
161	30.3	47.0	54.6	59.6
162	27.0	35.7	47.8	35.9
163	27.0	36.5	40.8	34.4
164	26.3	45.0	41.4	24.8
165	30.4	44.5	49.2	38.9
166	36.3	45.6	61.2	25.8
167	38.7	32.7	55.5	30.1
168	56.7	42.2	53.1	29.6
169	25.8	31.2	58.4	31.3
170	34.1	40.7	46.6	32.9
171	31.3	35.4	45.7	30.2
172	36.9	52.3	51.1	25.7
173	47.2	51.7	59.4	45.5
174	54.5	51.4	44.5	37.7
175	44.8	46.1	50.4	30.9
176	47.4	38.9	54.7	48.8
177	44.4	42.4	51.1	27.5
178	56.9	49.0	52.2	55.5
179	40.3	46.7	58.3	42.5
180	39.5	35.4	58.7	25.9
181	47.3	38.9	54.4	25.4
182	26.7	35.7	45.9	35.4
183	35.8	34.0	52.8	70.7
184	48.9	43.0	50.1	43.3
185	37.3	43.9	49.5	46.5
186	46.0	56.0	46.2	41.9
187	38.8	51.1	56.8	38.3
188	49.6	46.7	58.1	54.4
189	40.8	35.5	58.0	35.7
190	46.7	37.7	52.9	33.5
191	51.8	46.8	46.6	48.7
192	27.5	35.5	39.7	25.6
193	41.0	41.5	51.5	30.3
194	53.1	40.4	54.8	29.4
195	39.7	39.8	48.4	31.7
196	24.6	33.5	48.6	24.1
197	41.2	41.7	50.1	68.8
198	41.1	43.6	46.5	44.5
199	30.4	50.6	39.4	30.4
200	35.5	45.6	54.3	26.8
201	76.8	45.5	43.9	28.0
202	46.7	49.3	55.8	33.4
203	44.4	37.2	58.2	28.9
204	46.5	41.2	62.5	29.2
205	51.7	44.7	54.3	37.2
206	43.0	53.2	34.7	46.4
207	34.8	45.2	48.9	32.5
208	54.9	44.2	51.9	45.9
209	44.0	43.5	53.9	47.1
210	53.6	55.6	56.3	50.2
211	33.2	40.1	44.2	40.2
212	52.1	44.3	44.5	44.9
213	51.7	40.6	53.6	39.8
214	41.6	41.6	42.8	31.5
215	37.2	35.7	51.6	23.4
216	39.6	41.6	62.7	32.7
217	45.1	49.5	59.2	43.5
218	48.2	47.3	60.7	51.4
219	46.7	47.3	54.3	34.8
220	31.0	37.2	46.6	29.2
221	38.8	31.0	50.2	26.2
222	48.2	38.6	52.2	50.5
223	42.3	49.7	61.1	29.9
224	38.7	35.7	47.6	40.7
225	46.3	42.6	49.7	59.3
226	38.0	40.2	48.1	46.3
227	53.4	56.7	55.2	26.0
228	53.2	49.1	57.5	24.2
229	45.6	42.6	56.8	29.4
230	44.3	34.7	54.5	29.6
231	49.1	47.6	49.6	38.1
232	32.0	34.8	47.2	27.2
233	51.0	38.8	58.3	46.0
234	45.2	34.8	56.4	38.4
235	55.5	43.7	63.7	43.3
236	46.9	41.3	56.3	30.2
237	33.2	40.1	44.4	39.6
238	33.4	35.3	49.7	31.2
239	54.3	44.2	62.0	29.5
240	49.0	34.4	47.2	52.0
241	40.4	40.2	52.7	33.8
242	53.5	47.8	43.6	49.0
243	45.5	59.0	40.4	42.4
244	44.7	40.2	42.6	37.9
245	47.0	42.7	53.5	31.0
246	30.9	45.5	60.3	34.3
247	49.3	43.0	64.4	38.8
248	34.2	46.4	66.2	31.2
249	42.9	30.1	59.3	37.3
250	50.3	42.2	48.3	37.7
251	42.6	40.5	53.9	42.3
252	45.2	37.1	46.6	34.5
253	43.5	44.9	58.0	31.4
254	36.2	31.2	43.1	38.1
255	36.4	37.8	63.2	37.9
256	40.7	33.0	51.0	28.7
257	48.5	45.9	47.6	72.6
258	42.8	34.7	59.3	25.4
259	41.3	43.0	43.9	44.2
260	44.0	47.5	52.7	35.5
261	37.8	44.3	48.8	43.1
262	34.5	35.6	35.1	32.2
263	49.0	42.1	61.5	30.0
264	45.6	36.4	62.0	37.0
265	34.7	32.3	52.2	66.3
266	42.2	32.4	44.6	28.9
267	45.7	40.8	51.3	32.6
268	34.7	43.5	51.5	51.2
269	49.0	44.9	55.8	36.0
270	30.2	37.5	55.6	26.3
271	35.1	38.4	59.1	30.1
272	33.3	46.3	53.0	27.5
273	52.4	44.0	59.7	34.0
274	36.5	41.5	59.6	22.8
275	38.0	48.9	53.4	33.4
276	38.6	29.7	53.7	25.5
277	33.8	43.0	48.2	40.5
278	55.0	43.6	50.2	39.9
279	55.2	44.2	51.6	44.4
280	39.2	57.2	50.3	47.4
281	40.8	41.1	48.9	43.7
282	54.0	43.0	49.2	41.4
283	45.1	44.3	52.2	48.1
284	33.6	38.5	46.4	37.5
285	30.4	38.8	58.3	37.2
286	51.1	44.3	57.5	41.9
287	53.6	43.9	54.8	24.1
288	51.8	49.1	61.8	29.0
289	53.9	44.5	57.7	47.5
290	32.6	38.7	42.3	38.8
291	42.2	50.8	44.5	37.2
292	30.7	37.5	62.1	29.5
293	39.0	41.5	52.2	24.5
294	47.3	49.1	52.7	42.0
295	32.5	40.0	53.7	39.0
296	41.4	36.2	53.6	30.0
297	39.1	41.9	55.0	43.0
298	38.6	41.1	55.0	26.0
299	46.5	36.3	50.1	25.9
300	64.4	49.7	55.8	45.5
301	30.9	33.8	62.5	36.1
302	35.5	38.8	59.3	39.8
303	47.4	44.0	39.7	43.1
304	34.4	39.1	42.0	52.1
305	49.5	49.1	43.2	39.8
306	60.8	32.4	55.1	41.4
307	47.9	47.8	52.7	91.9
308	50.0	36.5	59.8	30.8
309	41.9	47.9	63.4	51.0
310	45.8	41.4	44.7	40.8
311	38.3	39.4	53.3	34.1
312	40.6	39.2	49.7	38.3
313	39.8	39.7	53.7	32.2
314	46.8	48.6	58.1	56.6
315	56.3	51.0	53.9	37.7
316	25.8	42.6	44.0	29.4
317	43.4	41.6	52.4	46.3
318	36.7	34.0	61.0	36.8
319	42.7	44.8	45.0	45.9
320	32.8	40.9	47.1	36.0
321	36.9	46.1	40.2	41.3
322	44.6	38.0	50.4	23.6
323	38.5	45.5	52.6	45.7
324	38.3	46.5	52.3	36.9
325	41.1	38.0	53.1	38.8
326	38.4	40.3	52.9	49.0
327	59.0	36.3	43.4	37.6
328	41.4	38.3	42.4	32.1
329	51.9	56.7	51.9	34.9
330	37.1	43.6	54.1	37.0
331	32.1	38.9	57.9	43.0
332	48.3	56.9	52.3	35.1
333	51.7	43.3	48.6	40.6
334	49.2	35.9	50.1	28.2
335	52.3	43.9	61.4	39.5
336	47.9	52.3	52.5	46.3
337	39.4	40.3	52.6	49.2
338	39.8	53.1	46.2	27.2
339	47.6	35.2	53.0	43.0
340	58.7	39.0	54.5	39.6
341	61.6	43.5	53.5	40.2
342	46.7	51.5	48.7	41.5
343	52.4	41.0	50.3	38.3
344	44.7	54.1	50.4	35.7
345	41.9	33.0	41.3	25.2
346	41.9	28.7	46.7	38.8
347	47.0	34.1	58.1	70.0
348	55.7	53.1	61.9	29.7
349	52.1	54.8	64.3	26.0
350	43.0	40.4	50.3	23.2
351	32.9	36.2	38.9	30.0
352	48.3	43.4	53.9	30.9
353	46.9	31.6	54.3	40.2
354	43.5	47.5	55.0	31.7
355	46.7	42.9	53.1	39.9
356	49.2	44.3	49.2	65.6
357	51.1	41.5	72.2	37.1
358	34.3	42.3	49.7	36.6
359	50.7	45.0	60.1	31.4
360	41.1	50.1	45.3	29.8
361	48.4	44.5	56.9	48.0
362	32.9	41.4	59.2	29.4
363	46.0	44.1	56.8	28.3
364	43.6	47.7	47.0	39.9
365	43.5	50.7	60.1	35.4
366	49.2	46.6	55.6	52.4
367	41.8	38.6	50.4	28.3
368	57.8	43.4	56.9	30.6
369	36.2	40.9	55.3	29.2
370	36.6	41.7	63.6	50.1
371	47.7	41.1	54.4	36.9
372	36.2	37.1	48.3	25.1
373	52.4	39.7	50.5	46.8
374	32.6	43.4	46.0	30.5
375	48.5	47.7	59.5	36.1
376	39.5	38.7	48.2	42.8
377	43.4	55.5	53.7	44.1
378	40.2	36.7	50.5	26.1
379	48.2	46.0	52.0	37.6
380	52.7	50.0	50.6	34.4
381	36.8	38.9	52.2	41.9
382	47.9	45.9	53.0	32.1
383	28.2	40.2	49.6	37.2
384	39.4	50.5	56.6	41.8
385	37.1	32.9	60.8	39.1
386	33.0	39.2	55.5	38.4
387	43.9	42.6	51.4	42.0
388	34.3	42.3	53.3	36.1
389	38.8	48.0	48.9	29.0
390	35.6	42.0	56.5	41.3
391	32.9	49.4	53.5	31.7
392	34.0	46.3	55.6	32.3
393	46.9	50.4	55.5	50.1
394	40.0	42.8	62.1	34.7
395	33.2	44.0	52.2	28.1
396	46.1	38.6	42.0	39.9
397	35.2	45.2	63.5	30.3
398	33.9	44.6	52.5	31.8
399	32.4	43.3	47.4	51.2
400	34.4	42.9	55.2	28.4
401	48.0	38.4	45.3	40.8
402	47.4	37.5	46.4	47.4
403	47.5	42.5	46.1	33.1
404	47.6	50.7	53.8	44.7
405	48.3	48.9	45.3	42.9
406	47.3	41.4	54.5	41.1
407	48.2	35.6	49.7	47.3
408	46.6	38.3	46.2	31.6
409	59.8	42.6	51.8	35.5
410	46.4	44.8	54.6	47.5
411	49.6	37.0	52.8	33.2
412	49.1	48.4	45.4	37.1
413	43.0	37.1	51.7	32.0
414	38.5	37.3	47.9	32.8
415	51.8	41.7	48.3	43.0
416	45.1	42.2	50.2	38.1
417	45.1	41.7	50.2	38.8
418	44.4	30.9	53.3	35.6
419	47.6	46.7	39.6	45.8
420	47.2	38.5	44.1	35.2
421	48.3	51.5	60.3	40.0
422	54.1	40.5	47.1	42.8
423	54.8	35.4	55.6	36.5
424	69.0	51.9	44.8	31.6
425	69.0	51.9	44.8	31.6
426	48.5	47.7	45.1	32.9
427	41.5	43.3	50.4	59.3
428	40.6	46.1	40.2	41.3
429	35.2	49.0	58.6	55.9
430	42.2	42.3	41.3	37.4
431	92.3	38.2	54.9	44.7
432	92.3	39.4	52.4	44.3
433	46.0	39.3	52.5	33.8
434	50.9	38.5	51.5	43.7
435	49.8	45.9	54.0	32.9
436	50.7	45.5	57.7	37.4
437	32.3	42.5	49.0	33.3
438	39.6	38.6	50.3	29.7
439	34.2	39.8	50.4	87.8
440	40.8	32.7	50.6	33.4
441	34.1	34.1	45.6	30.8
442	40.1	38.2	50.9	34.2
443	39.8	36.8	52.3	35.1
444	40.8	36.4	51.1	37.9
445	26.9	38.6	44.5	60.1
446	38.4	35.9	55.6	34.6
447	38.0	37.4	63.0	32.2
448	40.0	39.6	43.1	41.5
449	40.1	35.9	56.0	31.7
450	38.8	50.2	49.9	35.7
451	27.4	37.2	42.4	41.2
452	41.1	35.0	50.0	36.9
453	91.5	46.5	44.3	28.7
454	47.4	43.1	43.8	45.2
455	34.6	43.9	59.6	40.7
456	52.5	46.9	54.7	38.2
457	39.7	39.2	50.6	66.1
458	51.0	44.9	58.1	40.3
459	45.9	44.5	50.3	46.6
460	40.9	38.4	49.6	32.4
461	46.1	44.2	50.5	45.9
462	35.9	40.6	57.3	44.7
463	39.8	43.1	51.4	73.3
464	36.6	41.3	57.7	51.7
465	40.9	44.8	53.7	34.0
466	47.7	48.9	56.0	41.4
467	38.5	38.8	56.1	35.6
468	41.8	52.5	51.7	32.0
469	37.3	39.1	58.5	31.0
470	40.3	36.6	49.2	37.0
471	36.6	35.4	47.0	27.3
472	39.6	38.9	54.3	31.0
473	41.6	39.2	46.5	32.1
474	38.6	41.4	48.5	34.9
475	39.9	39.4	53.8	28.8
476	38.7	43.1	54.4	32.3
477	46.5	39.9	57.4	42.5
478	48.4	51.4	50.3	47.1
479	50.5	57.1	51.6	51.8
480	48.4	45.7	51.0	32.1
481	48.9	41.5	57.1	48.3
482	54.7	50.1	39.1	43.9
483	33.2	37.9	42.5	41.0
484	24.7	43.0	45.0	37.1
485	29.5	44.0	46.0	34.3
486	44.5	37.8	56.0	40.9
487	46.3	46.2	56.9	44.8
488	27.8	31.2	49.3	29.9
489	30.6	45.2	50.9	50.8
490	33.4	39.7	53.9	28.0
491	41.9	36.9	50.2	30.8
492	35.8	36.8	49.7	37.3
493	56.5	39.8	44.3	41.2
494	30.8	36.4	41.2	26.3
495	35.0	41.6	48.0	37.0
496	32.2	36.3	56.1	26.3
497	35.4	38.4	60.0	38.3
498	45.8	48.2	58.2	34.6
499	42.0	38.3	56.9	32.5
500	42.1	36.8	52.2	34.1
501	44.2	41.4	56.7	30.8
502	46.0	42.7	54.4	30.9
503	48.8	49.0	58.6	30.4
504	39.8	41.3	49.6	40.6
505	44.4	49.3	54.7	31.0
506	45.7	42.5	58.0	30.9
507	46.1	38.2	51.2	45.7
508	43.8	44.9	57.4	43.6
509	44.8	40.8	52.9	24.8
510	47.5	38.7	62.0	46.2
511	46.5	46.0	55.6	31.2
512	49.6	44.7	59.5	80.6
513	45.4	41.9	57.8	30.8
514	46.7	41.9	59.8	29.9
515	44.4	48.1	52.8	31.4
516	47.5	46.2	57.3	34.9
517	48.0	56.8	59.5	34.3
518	39.9	35.4	47.0	28.7
519	47.8	46.3	59.4	40.7
520	47.3	43.3	58.6	35.7
521	35.4	39.7	61.6	31.8
522	34.0	41.5	50.3	26.5
523	35.7	35.8	49.4	25.4
524	30.8	39.4	60.8	25.4
525	45.9	43.5	57.1	38.5
526	31.2	40.7	51.3	24.5
527	52.1	51.4	57.0	44.1
528	26.1	39.1	46.3	25.9
529	51.3	50.0	44.4	37.3
530	51.4	49.6	57.8	36.3
531	47.3	43.9	54.9	39.4
532	49.2	43.6	54.3	37.2
533	45.9	42.1	59.7	39.5
534	55.0	54.8	59.7	35.8
535	39.9	45.2	54.6	33.7
536	53.2	51.2	54.0	34.9
537	39.6	44.2	41.5	43.7
538	40.0	47.7	59.3	44.0
539	51.0	42.8	41.0	43.8
540	38.5	41.9	54.8	42.5
541	39.2	41.4	55.1	44.5
542	39.8	42.3	56.8	31.0
543	41.0	45.3	59.5	47.5
544	40.8	44.0	59.5	45.2
545	41.4	47.2	59.9	43.6
546	40.1	46.0	58.2	47.0
547	38.2	41.9	58.4	42.7
548	38.4	32.3	57.3	41.3
549	46.5	45.2	58.5	41.5
550	44.4	43.1	55.6	35.5
551	38.3	42.5	57.8	43.7
552	41.7	43.1	61.6	45.8
553	42.0	47.1	64.3	47.9
554	51.9	51.3	62.9	45.3
555	41.8	44.4	65.9	44.4
556	43.0	46.9	67.1	50.5
557	31.0	36.7	46.0	30.8
558	40.1	51.5	60.5	47.0
559	51.4	41.0	52.1	32.5
560	50.6	38.3	55.4	29.9
561	51.5	44.3	52.0	30.4
562	53.5	44.1	59.2	34.3
563	42.9	53.6	50.3	45.8
564	42.2	44.5	49.3	35.5
565	43.8	49.6	57.5	44.7
566	42.2	52.4	48.8	44.6
567	43.9	47.3	50.9	37.8
568	45.7	45.6	51.1	47.4
569	41.5	43.9	61.0	35.2
570	44.1	47.2	51.6	48.5
571	44.9	51.4	57.6	37.2
572	44.7	46.2	51.2	48.0
573	39.7	39.4	51.6	28.1
574	42.1	34.3	60.6	28.8
575	39.7	31.5	53.4	28.5
576	42.4	38.3	56.0	27.0
577	41.8	39.1	51.2	32.0
578	41.3	39.0	50.5	28.0
579	41.0	39.1	50.6	27.8
580	51.3	55.8	54.3	33.3
581	41.4	47.4	48.2	28.5
582	42.0	39.8	48.2	27.1
583	47.5	48.3	48.3	30.0
584	34.8	37.7	44.2	30.8
585	41.5	41.7	43.4	28.5
586	55.7	45.2	54.6	46.2
587	46.7	36.0	45.8	29.0
588	36.3	37.2	43.2	30.8
589	43.8	40.2	41.7	27.7
590	40.9	31.6	43.1	26.6
591	35.7	37.0	51.2	35.8
592	46.1	38.6	43.9	27.8
593	47.0	38.6	49.8	46.1
594	35.7	37.2	43.3	33.5
595	45.6	40.1	47.2	27.9
596	44.8	50.3	44.9	30.0
597	29.0	36.5	37.6	33.6
598	34.9	49.6	58.8	46.7
599	45.7	36.6	55.5	32.4
600	41.8	34.8	41.4	31.8
601	42.7	51.3	51.0	30.8
602	48.4	41.3	57.7	31.3
603	48.0	43.5	54.4	44.6
604	47.0	40.3	55.4	55.6
605	47.0	36.1	52.5	51.4
606	44.2	40.2	52.0	47.2
607	44.7	36.6	46.9	49.4
608	47.1	40.9	34.6	48.6
609	45.4	45.6	55.4	43.3
610	45.3	38.2	53.0	40.4
611	44.4	39.1	52.8	48.0
612	44.1	50.0	58.9	48.4
613	43.5	41.6	53.2	48.0
614	45.6	53.9	47.5	50.6
615	46.7	41.6	62.8	48.1
616	50.2	39.7	55.8	51.6
617	48.2	40.9	54.6	41.4
618	44.4	36.4	52.0	49.1
619	46.2	45.7	53.2	49.4
620	44.1	36.7	52.1	44.7
621	47.6	40.5	63.3	36.5
622	45.4	54.6	54.0	36.5
623	43.9	40.0	52.4	35.0
624	47.6	45.8	57.3	35.9
625	37.2	37.3	51.5	59.6
626	28.0	43.9	63.1	29.1
627	26.0	39.4	41.2	29.6
628	35.9	37.2	56.8	45.5
629	26.2	40.8	57.2	25.1
630	32.9	40.3	58.5	84.0
631	41.3	38.7	50.5	36.4
632	27.3	38.9	61.8	29.0
633	41.7	45.2	34.2	38.9
634	39.5	47.5	55.6	40.0
635	29.7	38.9	41.8	31.6
636	32.3	40.2	51.2	19.2
637	32.5	42.5	48.1	37.4
638	29.1	44.7	43.9	38.8
639	31.0	37.8	55.0	29.5
640	32.9	29.7	48.6	38.6
641	27.6	41.3	63.5	29.6
642	25.6	32.9	51.0	24.1
643	43.8	34.3	63.2	32.5
644	39.8	37.1	40.1	28.4
645	48.7	38.8	52.9	62.6
646	33.1	42.7	65.0	34.6
647	34.1	40.7	46.6	32.9
648	30.9	41.2	54.3	48.2
649	46.0	56.0	46.2	41.9
650	39.8	39.7	53.7	32.2
651	37.3	43.9	49.5	46.5
652	46.7	37.7	52.9	33.5
653	31.0	38.7	51.8	32.3
654	39.0	32.6	57.2	28.0
655	36.7	38.9	41.2	37.9
656	40.8	35.5	58.0	35.7
657	41.4	36.2	47.0	39.9
658	40.5	45.9	48.6	38.2
659	21.4	33.0	48.7	38.0
660	24.6	33.5	48.6	24.1
661	24.6	38.5	49.1	24.1
662	35.9	34.6	47.8	36.0
663	37.2	35.0	38.8	22.1
664	34.8	31.9	58.1	23.3
665	44.5	38.0	50.1	43.5
666	42.0	44.6	54.1	33.8
667	40.1	43.6	55.5	39.0
668	41.1	43.6	46.5	44.5
669	39.0	51.8	55.2	48.9
670	34.6	39.4	42.7	31.8
671	43.6	45.3	49.4	39.7
672	48.3	44.6	46.6	63.9
673	48.3	42.9	50.9	55.3
674	44.4	37.2	58.2	28.9
675	46.5	41.2	62.5	28.9
676	44.2	37.6	61.5	28.9
677	45.5	54.6	46.4	28.9
678	45.5	38.8	64.9	28.5
679	48.1	34.4	48.7	45.9
680	43.0	53.2	34.7	46.4
681	36.2	38.5	48.1	30.6
682	44.0	30.3	51.0	37.8
683	50.8	37.9	47.8	33.7
684	47.8	38.2	48.4	26.8
685	50.5	42.7	66.2	35.2
686	65.7	38.6	63.2	43.4
687	50.8	37.9	47.8	33.7
688	43.5	36.1	53.8	29.9
689	45.1	36.7	42.8	38.8
690	41.6	41.6	42.8	31.5
691	40.1	42.3	41.9	33.8
692	74.6	44.1	38.0	32.1
693	42.2	45.6	54.4	44.7
694	38.0	40.2	48.1	46.3
695	46.3	42.6	49.7	59.3
696	54.1	47.4	55.6	67.3
697	52.0	48.0	64.1	25.0
698	44.3	34.7	54.5	29.6
699	46.2	36.3	57.1	29.4
700	41.6	45.2	43.6	37.6
701	40.4	36.6	47.6	31.7
702	45.6	38.3	56.3	30.6
703	46.9	41.3	56.3	30.2
704	50.6	37.0	64.5	44.8
705	42.7	40.5	60.1	46.7
706	49.0	34.4	47.2	52.0
707	41.7	43.3	56.7	49.3
708	46.8	42.9	57.5	49.2
709	43.6	29.0	49.9	35.6
710	40.4	40.2	52.7	33.8
711	31.2	40.7	39.1	29.2
712	30.0	41.0	52.0	26.8
713	44.8	39.3	45.3	28.3
714	44.2	43.8	58.3	31.7
715	49.1	40.6	45.9	35.9
716	52.4	50.9	47.7	38.7
717	50.2	49.0	53.0	29.9
718	48.7	40.2	42.6	37.0
719	50.4	46.0	63.6	45.6
720	49.8	32.8	62.3	37.2
721	30.9	45.5	60.3	34.3
722	29.6	40.2	43.9	31.2
723	33.5	39.0	42.4	26.3
724	31.7	39.4	43.1	30.0
725	35.1	53.3	48.9	37.2
726	47.3	46.0	66.8	41.6
727	43.7	46.1	54.7	45.1
728	47.4	44.9	49.6	44.6
729	42.6	40.5	53.9	42.3
730	48.2	43.1	55.2	46.3
731	47.3	42.5	55.5	38.5
732	46.2	44.9	50.3	38.7
733	47.8	44.5	54.2	49.3
734	45.3	37.3	63.0	35.2
735	53.9	47.0	46.8	45.0
736	52.9	39.6	53.0	36.8
737	50.3	42.2	48.3	37.7
738	46.3	51.3	52.6	47.0
739	53.8	55.1	57.4	44.8
740	53.7	54.7	56.9	44.4
741	51.8	42.2	48.2	36.1
742	60.7	50.9	57.7	47.7
743	50.6	51.7	49.6	38.7
744	56.1	41.1	44.7	46.4
745	48.8	38.3	47.2	43.8
746	52.5	42.5	51.7	59.8
747	43.2	38.7	59.3	40.2
748	45.8	38.5	61.7	44.1
749	43.5	44.9	58.0	31.4
750	43.6	37.6	59.9	45.8
751	47.5	38.3	59.6	41.2
752	36.4	37.8	63.2	37.9
753	42.2	35.6	56.5	29.9
754	42.8	34.7	59.3	25.4
755	31.5	27.0	49.4	35.2
756	31.6	34.0	44.2	31.6
757	40.3	40.2	51.9	43.5
758	31.6	33.8	44.2	31.7
759	35.9	33.9	36.1	34.3
760	38.5	34.3	44.2	28.4
761	44.2	37.0	51.8	43.4
762	34.2	32.4	44.2	26.9
763	38.8	35.3	51.3	30.8
764	39.7	32.9	44.2	28.8
765	34.5	32.8	47.5	28.0
766	34.7	32.3	52.2	66.3
767	35.2	30.8	49.4	28.2
768	30.2	37.5	55.6	26.3
769	32.4	44.1	60.5	30.9
770	39.3	37.4	49.7	26.3
771	35.7	37.6	49.1	27.7
772	30.5	39.4	51.2	25.2
773	28.9	36.3	55.2	26.1
774	33.3	46.3	53.0	27.5
775	52.4	44.0	59.7	34.0
776	39.0	38.8	55.7	23.6
777	40.0	39.0	56.3	22.3
778	35.5	44.4	67.4	39.3
779	34.6	37.0	43.0	40.5
780	38.3	34.0	49.6	24.9
781	38.6	29.7	53.7	25.5
782	33.8	43.0	48.2	40.5
783	38.7	30.2	37.7	23.7
784	37.8	32.2	41.8	26.4
785	43.5	40.6	43.0	39.4
786	38.1	31.7	46.4	27.5
787	38.0	32.3	51.3	24.8
788	40.2	45.5	54.4	32.2
789	55.0	43.6	50.2	39.9
790	51.3	40.6	49.4	40.7
791	44.5	42.8	49.0	41.3
792	41.7	40.6	51.0	39.9
793	42.2	41.8	51.4	41.0
794	40.2	42.5	46.7	43.7
795	43.2	42.6	49.7	41.6
796	40.8	41.1	48.9	43.7
797	42.5	42.2	50.0	40.5
798	42.5	51.4	45.4	34.6
799	42.8	41.5	52.8	40.0
800	41.9	43.7	43.6	45.4
801	40.9	42.6	52.8	43.3
802	42.2	45.1	51.3	42.8
803	34.0	56.8	46.4	28.6
804	41.9	41.7	52.0	43.8
805	53.6	44.0	47.6	47.0
806	53.5	43.6	49.8	46.3
807	54.2	45.3	44.8	43.2
808	51.9	46.1	46.0	43.3
809	59.0	43.1	49.0	42.2
810	54.0	43.0	49.2	41.4
811	41.3	37.7	48.2	44.8
812	55.6	45.1	49.8	46.6
813	55.7	43.8	44.3	44.0
814	55.1	46.1	46.0	46.7
815	55.3	48.1	51.9	44.7
816	46.2	37.8	46.5	40.0
817	55.2	44.0	51.6	44.9
818	56.8	45.8	51.6	45.6
819	38.4	48.6	51.6	45.2
820	54.9	42.9	51.0	44.5
821	43.4	41.1	36.1	37.0
822	54.6	45.8	45.6	43.8
823	49.1	43.8	51.9	53.2
824	45.1	44.3	52.2	48.1
825	48.0	45.7	53.7	51.9
826	47.4	45.1	52.2	48.2
827	43.2	44.3	52.8	32.1
828	38.1	39.3	53.3	30.8
829	38.8	43.9	52.4	37.0
830	40.4	39.2	50.9	40.4
831	43.0	38.7	56.6	32.9
832	39.8	41.0	49.4	27.8
833	41.8	45.8	52.1	39.3
834	40.9	41.3	59.2	34.9
835	45.1	40.9	60.3	29.8
836	64.2	43.2	52.9	42.5
837	53.5	42.7	48.2	29.0
838	51.4	46.0	49.2	24.8
839	60.1	43.5	47.8	26.8
840	64.4	44.8	46.6	43.2
841	45.2	40.6	46.4	38.6
842	72.2	38.8	48.6	26.7
843	62.8	39.0	44.7	34.4
844	54.7	40.3	55.4	46.7
845	53.5	48.9	62.6	24.6
846	56.7	45.0	61.7	37.7
847	55.9	44.5	41.9	40.8
848	47.3	39.2	44.9	42.7
849	46.8	43.0	58.4	46.0
850	51.0	42.6	51.4	47.7
851	53.3	38.6	44.6	34.9
852	58.5	45.5	49.1	42.0
853	39.1	41.9	55.0	43.0
854	39.5	44.7	55.0	42.6
855	40.6	41.5	52.1	37.0
856	39.0	45.2	57.6	47.7
857	43.8	51.6	49.5	46.9
858	41.9	47.6	47.4	47.9
859	25.9	37.8	47.9	22.1
860	46.5	36.3	50.1	25.9
861	34.8	37.4	56.2	25.5
862	40.5	32.4	53.6	24.5
863	36.9	35.4	50.5	23.2
864	34.5	40.2	55.1	26.3
865	36.7	40.2	53.1	25.1
866	36.7	36.3	50.6	27.6
867	27.7	35.7	51.7	35.4
868	35.7	37.4	53.6	28.5
869	36.7	33.6	47.8	26.4
870	41.6	36.8	51.7	23.0
871	42.3	35.6	51.5	23.5
872	38.7	37.2	52.0	26.1
873	40.7	37.5	52.6	25.4
874	40.5	36.6	52.1	30.4
875	51.3	40.0	48.1	65.4
876	37.7	36.7	58.2	46.4
877	36.1	38.5	52.6	43.6
878	38.7	34.9	57.2	25.0
879	42.7	40.7	45.4	39.1
880	43.0	41.0	41.0	29.2
881	28.4	40.1	40.7	22.9
882	37.0	40.6	64.1	33.9
883	28.1	38.1	59.4	25.0
884	37.5	34.7	52.2	27.2
885	46.0	42.6	61.9	32.3
886	41.4	42.3	63.2	29.5
887	29.3	39.0	58.1	22.8
888	29.0	38.5	52.0	22.8
889	28.7	42.1	55.3	23.8
890	29.4	37.7	49.1	24.5
891	27.7	36.9	54.3	24.3
892	28.3	39.3	55.3	25.3
893	28.9	39.5	55.3	25.2
894	28.0	40.9	53.3	25.7
895	28.4	39.0	53.9	24.7
896	29.6	40.9	52.8	24.0
897	23.6	40.2	52.8	26.0
898	36.8	41.5	66.4	46.4
899	42.8	42.2	57.6	19.8
900	28.3	37.9	57.6	24.7
901	27.7	36.7	53.2	24.2
902	55.7	42.6	63.1	26.1
903	28.7	41.5	53.5	41.1
904	39.0	31.1	57.3	33.0
905	33.7	42.5	53.8	26.0
906	37.2	32.1	55.7	32.3
907	47.3	32.1	59.8	28.8
908	57.5	35.3	52.2	38.4
909	35.0	24.9	55.4	29.4
910	60.8	32.4	55.1	41.4
911	30.2	39.2	54.0	30.8
912	36.0	32.1	55.9	24.1
913	46.8	41.9	56.5	38.5
914	38.0	31.9	56.1	38.5
915	45.2	34.6	55.9	28.2
916	43.0	43.4	53.3	32.3
917	37.2	35.9	50.1	44.2
918	39.7	39.7	49.7	53.1
919	37.1	39.4	60.4	45.1
920	42.4	37.1	46.1	38.4
921	38.8	39.0	52.7	40.3
922	41.1	38.0	53.1	38.8
923	38.9	40.4	49.4	42.9
924	38.5	44.4	38.1	41.0
925	40.0	41.6	44.8	41.2
926	46.9	48.7	51.4	47.8
927	43.2	47.1	50.3	38.2
928	42.1	56.7	51.9	34.9
929	43.8	47.8	52.0	36.4
930	48.0	56.0	52.4	35.9
931	46.6	35.1	30.3	35.6
932	49.2	35.9	50.1	28.2
933	46.6	39.9	33.5	30.3
934	47.0	39.4	24.3	30.3
935	48.4	40.0	41.1	30.3
936	44.9	38.1	29.6	34.2
937	46.7	42.4	46.1	27.4
938	51.4	34.4	44.3	35.6
939	43.2	41.4	34.9	30.3
940	54.6	53.7	38.1	31.1
941	38.7	34.0	44.3	34.5
942	47.0	39.9	33.6	38.3
943	43.4	32.9	21.0	38.3
944	50.0	41.2	45.8	35.3
945	46.4	39.4	33.5	30.3
946	59.5	52.5	41.3	69.0
947	46.5	41.4	49.8	46.3
948	47.8	45.8	56.1	46.3
949	43.8	37.4	53.0	56.0
950	48.6	48.7	49.9	37.6
951	46.3	48.2	50.2	40.8
952	42.8	47.3	53.3	41.7
953	45.6	47.0	53.6	43.8
954	42.2	51.2	47.6	29.5
955	50.9	53.2	60.5	34.6
956	41.1	42.3	56.5	32.2
957	61.3	48.1	45.1	47.2
958	57.5	45.4	55.2	31.6
959	48.4	47.0	55.0	31.3
960	43.4	47.3	43.1	46.7
961	45.1	45.4	58.3	35.2
962	42.8	43.4	56.9	37.6
963	47.6	40.7	54.6	53.4
964	37.5	42.5	59.9	26.8
965	30.6	41.0	49.4	23.9
966	41.2	35.8	55.8	25.8
967	30.6	34.7	50.8	40.4
968	39.5	38.3	52.3	23.6
969	35.3	37.6	47.9	26.6
970	43.4	47.9	52.6	36.6
971	41.1	37.3	52.2	30.2
972	40.8	34.0	46.7	25.3
973	42.1	41.9	50.8	26.7
974	45.0	41.2	43.8	41.7
975	41.1	37.2	49.4	41.0
976	41.1	36.0	49.4	41.0
977	45.0	41.2	43.8	41.7
978	40.3	34.3	48.0	26.1
979	46.2	44.9	53.9	36.3
980	51.2	41.8	51.2	34.0
981	42.4	51.2	60.0	33.9
982	44.6	44.2	52.3	36.1
983	54.3	46.7	56.1	40.2
984	50.8	46.6	58.0	35.4
985	43.4	43.3	59.2	36.9
986	44.9	43.0	49.6	42.8
987	39.8	43.6	54.2	36.9
988	45.2	40.2	53.2	40.9
989	45.0	39.1	50.0	39.1
990	45.0	45.2	56.3	38.3
991	47.4	40.6	64.0	50.4
992	43.6	42.0	65.4	32.3
993	44.5	50.7	50.1	34.7
994	45.6	42.4	51.6	45.5
995	39.8	43.4	44.3	48.7
996	39.7	50.5	48.2	52.9
997	45.6	44.4	49.1	29.8
998	45.9	43.5	47.1	52.2
999	40.7	47.4	48.2	56.6
1000	43.9	42.3	54.2	33.7
1001	46.3	42.5	51.0	34.6
1002	41.4	40.6	54.0	52.9
1003	42.1	44.2	48.4	32.1
1004	42.9	41.3	54.6	56.5
1005	42.3	43.7	50.5	56.2
1006	45.1	36.3	53.2	29.4
1007	47.8	44.7	64.8	29.1
1008	33.1	38.2	56.2	26.8
1009	37.7	35.9	64.9	42.2
1010	48.3	41.8	43.7	46.5
1011	48.8	41.0	58.8	30.1
1012	39.7	36.2	43.1	29.7
1013	40.2	38.3	57.0	33.2
1014	34.9	34.2	63.8	21.7
1015	35.6	37.0	64.2	26.3
1016	47.2	39.4	57.6	24.5
1017	48.4	36.4	56.5	25.0
1018	35.2	35.9	64.2	27.8
1019	41.8	35.8	61.5	30.3
1020	51.4	33.8	61.9	69.0
1021	36.6	34.6	62.0	27.9
1022	47.4	41.7	61.0	30.3
1023	46.3	34.8	64.7	40.2
1024	48.4	36.4	56.5	25.0
1025	41.3	38.0	46.6	28.9
1026	52.8	42.1	53.1	45.7
1027	39.0	33.7	46.9	29.7
1028	41.5	39.5	45.4	28.5
1029	42.5	43.1	48.2	32.1
1030	36.8	35.3	61.6	44.3
1031	39.2	54.6	45.3	27.9
1032	37.5	40.9	52.4	32.5
1033	44.1	40.0	57.9	35.6
1034	38.3	40.1	57.5	27.3
1035	37.9	41.4	44.3	28.4
1036	48.8	49.3	61.4	34.7
1037	43.0	49.6	57.9	32.6
1038	43.2	55.4	58.7	40.7
1039	47.7	46.8	57.4	35.7
1040	41.6	46.4	55.6	31.3
1041	45.2	47.4	62.4	33.8
1042	48.2	61.4	59.0	49.2
1043	42.5	53.2	57.2	36.3
1044	45.8	42.3	52.7	31.2
1045	46.3	52.2	58.1	36.2
1046	42.8	46.8	56.1	31.8
1047	44.5	47.1	56.5	35.7
1048	45.6	48.7	63.1	32.6
1049	44.2	48.5	54.2	38.4
1050	42.9	49.3	60.3	32.0
1051	47.7	57.3	59.4	50.4
1052	44.0	48.3	57.8	32.6
1053	48.1	52.3	61.0	32.0
1054	41.1	42.1	43.0	37.3
1055	57.2	41.7	47.2	43.4
1056	55.9	49.9	52.9	36.5
1057	50.4	44.7	53.1	29.3
1058	47.2	46.0	53.4	41.1
1059	47.7	45.9	52.9	40.2
1060	48.5	46.0	56.8	29.5
1061	35.3	37.1	44.8	22.6
1062	46.5	47.4	52.8	44.0
1063	41.6	40.3	49.0	33.4
1064	46.2	39.3	57.0	45.5
1065	49.4	38.1	54.8	31.9
1066	42.5	42.8	52.4	33.4
1067	45.7	36.7	64.2	32.5
1068	47.1	39.8	53.8	30.0
1069	40.1	36.3	58.3	30.9
1070	45.2	37.8	61.5	46.9
1071	46.3	34.4	55.0	28.7
1072	47.6	54.0	50.9	32.2
1073	48.1	51.3	55.5	33.5
1074	34.2	36.9	58.1	27.3
1075	41.6	34.3	44.9	39.3
1076	37.8	30.6	39.1	24.2
1077	39.5	34.3	44.0	36.1
1078	34.5	29.7	39.8	25.5
1079	34.2	30.7	38.4	25.9
1080	39.5	37.3	54.4	36.3
1081	27.7	34.2	56.3	30.5
1082	37.1	30.1	43.5	58.4
1083	39.3	37.1	49.6	29.9
1084	39.4	35.7	47.6	25.4
1085	38.3	38.2	51.1	36.8
1086	43.2	38.3	44.4	34.7
1087	43.6	34.1	46.6	26.6
1088	36.3	31.4	40.8	25.0
1089	38.2	36.6	53.4	32.0
1090	45.4	41.5	52.9	36.0
1091	35.3	37.8	47.8	41.5
1092	40.8	38.8	53.2	37.6
1093	36.3	38.5	51.2	39.2
1094	40.5	47.7	54.8	42.8
1095	38.1	46.5	58.2	38.1
1096	40.4	46.2	55.1	37.7
1097	39.6	53.9	62.8	42.8
1098	44.2	47.0	61.5	32.8
1099	40.4	47.0	55.6	39.3
1100	40.4	46.9	56.7	39.1
1101	40.1	47.4	52.8	30.9
1102	43.4	47.0	58.6	37.3
1103	52.6	32.2	45.4	25.8
1104	34.4	33.4	53.1	28.7
1105	32.2	40.8	47.4	50.1
1106	45.4	41.1	47.4	31.0
1107	34.9	36.1	53.9	32.2
1108	29.3	31.3	40.9	35.1
1109	44.4	42.1	56.0	45.0
1110	44.2	37.2	54.1	30.3
1111	45.5	44.2	63.5	35.8
1112	47.7	43.9	48.6	28.7
1113	44.8	41.7	47.3	30.7
1114	34.9	38.0	51.8	39.6
1115	26.2	33.9	58.5	24.8
1116	34.3	36.8	60.7	29.4
1117	41.7	42.8	47.8	43.1
1118	43.2	42.5	47.9	45.2
1119	36.1	38.7	61.5	31.4
1120	42.1	42.0	47.1	29.9
1121	44.1	43.9	49.0	32.5
1122	43.1	43.6	51.4	41.4
1123	45.1	34.4	48.7	29.5
1124	44.6	41.2	46.5	32.1
1125	48.3	44.3	53.5	39.7
1126	44.5	42.9	52.1	46.9
1127	50.4	42.2	50.3	46.5
1128	50.0	43.9	58.9	35.4
1129	47.1	40.2	53.8	49.2
1130	45.8	51.2	50.4	45.6
1131	44.1	46.9	51.4	36.9
1132	40.4	40.8	50.8	36.9
1133	47.3	41.2	52.2	50.3
1134	43.2	44.0	52.7	46.5
1135	41.2	39.9	51.0	34.8
1136	49.5	56.1	51.8	47.2
1137	45.0	41.8	49.9	44.8
1138	47.0	54.5	44.9	46.1
1139	45.2	39.0	44.0	40.9
1140	43.5	45.0	53.2	53.4
1141	44.5	38.2	54.5	28.9
1142	51.8	50.1	46.4	38.2
1143	55.7	51.9	50.5	25.0
1144	55.5	45.4	54.9	35.5
1145	45.2	49.3	50.3	26.2
1146	51.5	45.7	56.5	25.8
1147	54.0	48.9	56.6	35.4
1148	61.8	46.4	54.2	28.4
1149	64.2	45.9	54.3	32.2
1150	53.8	45.3	53.5	26.6
1151	57.5	45.4	53.6	40.1
1152	71.7	48.2	53.5	42.5
1153	42.2	46.3	55.2	72.1
1154	46.3	41.4	49.8	34.4
1155	40.1	47.2	53.6	33.3
1156	50.0	49.2	48.9	39.4
1157	41.6	43.5	54.4	69.2
1158	40.6	43.2	50.3	31.5
1159	38.9	44.0	55.1	33.3
1160	35.1	43.5	61.9	69.2
1161	49.4	44.6	49.9	33.2
1162	48.5	44.6	53.1	32.2
1163	50.0	47.2	57.2	33.5
1164	46.3	47.4	53.4	39.7
1165	49.9	47.4	50.9	35.4
1166	46.6	44.4	53.2	33.5
1167	46.9	44.3	50.9	31.9
1168	50.5	40.9	50.3	36.5
1169	48.6	44.1	42.5	32.6
1170	46.4	42.9	53.2	29.4
1171	48.4	44.8	54.4	30.4
1172	50.1	47.9	51.1	33.1
1173	47.2	38.2	51.9	41.9
1174	51.2	41.7	55.5	33.6
1175	51.1	41.2	47.8	46.3
1176	48.7	30.0	55.6	34.2
1177	46.4	30.4	53.9	39.8
1178	48.6	39.2	53.6	29.9
1179	49.0	39.1	56.6	28.8
1180	49.5	37.2	52.0	41.0
1181	48.3	39.0	55.8	40.6
1182	48.6	40.6	55.4	30.6
1183	45.2	41.9	54.4	46.4
1184	48.0	40.6	56.5	30.4
1185	47.6	37.6	58.3	43.4
1186	48.7	40.7	56.9	45.6
1187	49.5	43.0	56.2	42.1
1188	54.1	45.3	56.8	45.2
1189	43.7	50.5	51.6	37.7
1190	47.2	54.5	49.7	36.5
1191	46.7	55.0	52.4	36.0
1192	48.7	57.3	53.7	35.6
1193	48.3	56.9	53.6	36.2
1194	50.6	40.5	58.2	27.4
1195	50.8	51.5	52.1	27.3
1196	52.1	41.4	58.0	33.4
1197	53.7	52.8	52.6	38.7
1198	51.2	46.9	56.3	27.3
1199	50.8	44.7	56.0	30.5
1200	50.6	39.8	62.5	38.0
1201	51.2	40.9	50.8	29.0
1202	48.6	39.0	60.4	27.2
1203	51.4	47.9	52.0	32.4
1204	50.7	39.5	56.7	28.1
1205	51.1	40.3	57.7	31.4
1206	45.4	46.2	51.1	36.8
1207	45.3	38.0	51.2	37.8
1208	47.5	40.4	52.0	36.9
1209	47.0	41.0	54.6	37.5
1210	49.5	53.9	52.7	37.4
1211	61.0	34.3	36.0	41.1
1212	34.1	34.2	51.0	28.0
1213	44.3	39.9	55.6	35.9
1214	46.4	40.4	56.5	30.3
1215	54.2	41.4	43.2	46.3
1216	46.9	42.5	53.1	25.3
1217	48.0	49.8	43.5	35.7
1218	57.3	44.7	51.7	37.8
1219	49.0	48.1	52.6	35.8
1220	57.1	59.4	51.6	35.7
1221	49.3	52.3	52.8	37.5
1222	57.3	57.8	48.6	49.6
1223	49.3	41.3	48.6	38.0
1224	39.2	34.0	47.1	27.7
1225	66.5	35.8	50.9	36.1
1226	82.8	43.0	54.1	35.5
1227	81.9	43.0	48.0	39.1
1228	56.6	39.2	50.0	30.6
1229	44.6	35.9	57.5	33.3
1230	57.3	43.8	46.8	32.5
1231	58.3	45.6	62.9	32.6
1232	34.8	44.1	61.4	34.6
1233	42.4	45.4	44.9	32.1
1234	33.3	46.7	44.9	31.9
1235	33.7	40.1	48.1	40.1
1236	34.5	44.8	47.4	33.9
1237	49.5	42.7	55.6	37.2
1238	34.9	43.5	50.6	32.9
1239	48.0	44.0	46.8	32.1
1240	38.3	45.6	46.4	43.2
1241	43.7	43.0	52.2	31.0
1242	44.0	53.4	56.0	71.8
1243	35.7	50.8	47.6	36.2
1244	35.1	41.7	51.6	30.4
1245	43.3	51.5	47.8	32.6
1246	35.7	51.9	52.6	33.0
1247	33.9	50.4	48.5	35.2
1248	44.6	56.9	56.7	35.3
1249	37.2	42.3	46.4	30.2
1250	46.4	38.5	56.9	28.2
1251	50.6	39.3	49.8	27.0
1252	44.1	39.6	56.7	32.8
1253	48.5	42.2	57.4	41.1
1254	44.3	40.7	58.9	31.0
1255	44.3	46.5	59.7	35.1
1256	35.3	34.2	57.9	35.8
1257	35.6	32.4	51.8	37.6
1258	35.6	32.7	53.8	30.4
1259	38.2	29.2	53.5	39.9
1260	52.8	30.2	53.7	33.9
1261	36.4	33.1	53.0	29.2
1262	36.2	32.1	45.9	29.0
1263	36.7	31.1	45.5	27.6
1264	49.8	41.7	54.5	53.9
1265	40.9	33.0	56.9	36.8
1266	39.6	33.7	55.7	34.1
1267	35.8	37.6	54.3	35.9
1268	41.2	30.4	59.0	33.8
1269	45.5	34.3	53.2	30.4
1270	41.3	32.4	58.5	31.1
1271	42.9	36.4	53.8	71.9
1272	37.7	31.6	56.2	34.3
1273	41.4	29.9	53.9	33.6
1274	41.0	34.6	53.7	31.0
1275	32.0	33.8	48.2	26.0
1276	35.2	29.8	53.9	37.0
1277	41.3	30.5	63.4	22.4
1278	41.9	31.2	56.2	48.3
1279	32.3	35.5	51.2	32.0
1280	39.6	32.7	58.8	20.9
1281	35.1	33.4	43.2	35.4
1282	42.2	32.8	54.2	29.3
1283	37.6	42.0	54.0	35.5
1284	31.7	47.7	61.4	34.2
1285	28.3	34.7	53.6	28.1
1286	39.0	41.3	62.2	44.2
1287	23.5	37.7	61.8	31.3
1288	43.3	39.9	60.3	43.3
1289	32.5	37.0	47.0	29.9
1290	30.3	37.5	51.0	41.3
1291	34.7	39.8	61.6	35.9
1292	28.5	34.2	51.3	32.4
1293	31.4	39.9	62.6	35.7
1294	39.2	41.6	43.8	30.7
1295	43.9	43.2	56.7	28.1
1296	44.9	47.1	47.6	31.3
1297	41.5	48.5	55.9	25.5
1298	33.6	35.4	60.4	25.5
1299	38.6	36.9	58.2	30.7
1300	45.8	40.6	61.6	30.9
1301	44.0	34.6	46.7	30.4
1302	31.2	41.1	62.1	29.7
1303	43.4	39.5	45.5	39.7
1304	46.3	42.1	52.8	45.8
1305	30.4	44.3	50.7	32.0
1306	38.7	47.2	49.3	47.8
1307	46.5	49.3	40.8	50.5
1308	43.8	47.9	39.3	52.0
1309	45.0	47.2	43.8	41.8
1310	44.5	46.0	38.4	42.7
1311	46.3	44.9	43.1	48.3
1312	48.4	41.4	50.3	36.2
1313	48.4	41.2	47.8	39.5
1314	48.4	38.3	47.8	29.7
1315	40.8	41.9	53.7	25.8
1316	46.1	38.1	48.5	40.6
1317	46.1	37.3	48.6	45.1
1318	56.6	48.5	50.3	78.3
1319	47.2	39.0	46.5	55.7
1320	42.7	39.0	44.8	33.2
1321	41.9	49.0	40.9	66.9
1322	49.3	37.2	48.2	28.4
1323	46.7	38.6	45.7	42.5
1324	48.7	42.3	41.4	29.0
1325	52.5	42.9	50.9	29.0
1326	51.4	43.3	50.0	44.0
1327	52.0	43.3	50.5	44.6
1328	43.4	38.3	41.5	42.9
1329	45.5	44.5	55.3	44.9
1330	30.9	35.3	44.9	21.5
1331	45.9	39.6	54.9	28.9
1332	45.2	39.0	44.8	27.9
1333	45.9	38.1	62.1	34.4
1334	31.9	38.2	49.8	42.0
1335	42.4	37.7	54.6	44.7
1336	44.4	38.3	55.3	29.6
1337	46.3	41.9	55.2	35.9
1338	46.5	33.9	63.8	35.7
1339	43.3	35.3	49.5	29.0
1340	40.8	36.6	53.3	38.7
1341	46.8	38.0	54.8	44.5
1342	46.0	55.5	58.2	55.2
1343	43.7	44.3	58.3	44.2
1344	47.2	49.7	55.1	45.1
1345	48.9	43.5	53.8	30.9
1346	44.8	39.3	51.7	43.6
1347	46.6	41.8	49.4	39.4
1348	45.2	41.4	56.6	44.1
1349	43.9	46.1	48.8	33.8
1350	45.8	44.2	49.2	27.3
1351	48.4	41.7	50.1	28.1
1352	44.9	42.5	54.0	39.3
1353	46.3	41.7	49.7	28.2
1354	48.8	41.3	50.9	43.6
1355	51.1	45.0	52.1	45.5
1356	33.7	35.7	50.3	28.0
1357	35.3	36.8	55.8	28.0
1358	34.2	36.4	50.6	27.8
1359	47.7	34.7	55.8	25.9
1360	50.6	38.8	56.4	39.2
1361	48.3	37.8	46.8	44.7
1362	43.0	35.1	49.8	38.8
1363	40.0	41.9	47.7	33.0
1364	40.6	37.9	49.7	43.4
1365	49.8	36.5	54.3	43.7
1366	49.2	39.5	51.3	44.0
1367	46.8	37.7	54.4	38.5
1368	51.5	74.7	76.3	76.3
1369	63.0	35.3	48.1	36.0
1370	53.1	40.8	50.8	43.5
1371	37.8	36.4	42.2	29.5
1372	38.7	35.9	43.3	25.3
1373	46.3	40.5	44.1	30.9
1374	44.9	41.3	48.9	22.7
1375	36.1	37.0	50.5	25.4
1376	48.9	42.7	55.2	30.2
1377	42.1	48.4	60.7	37.4
1378	42.7	33.4	54.9	31.7
1379	44.7	34.0	42.8	40.0
1380	28.8	36.4	51.1	30.7
1381	47.9	41.3	62.5	47.2
1382	30.4	37.6	52.9	38.7
1383	26.8	34.4	60.4	37.3
1384	36.7	43.3	56.5	38.0
1385	29.5	38.1	62.7	40.7
1386	28.8	52.3	50.7	30.7
1387	28.2	40.3	50.4	30.5
1388	29.0	30.9	55.9	39.9
1389	28.6	52.7	50.8	30.6
1390	47.1	38.1	57.7	29.7
1391	25.9	36.9	56.2	29.1
1392	52.8	52.0	50.3	50.1
1393	52.8	49.4	57.6	49.8
1394	60.3	60.4	65.6	46.0
1395	51.3	54.1	57.3	48.2
1396	52.0	36.0	49.8	35.1
1397	53.0	45.7	48.4	32.7
1398	43.8	33.8	49.7	40.2
1399	40.4	34.1	47.3	28.6
1400	43.8	33.9	46.7	26.6
1401	45.1	32.8	56.2	36.8
1402	43.2	35.7	56.0	37.2
1403	45.1	36.6	55.3	34.7
1404	46.1	33.8	55.5	45.4
1405	46.5	35.6	55.9	36.0
1406	43.6	41.8	49.0	38.0
1407	38.7	39.5	54.6	38.5
1408	47.6	34.0	50.4	35.5
1409	39.5	50.5	52.0	34.1
1410	32.0	44.8	46.2	24.9
1411	38.1	46.4	47.5	33.1
1412	36.7	34.8	51.9	39.9
1413	42.2	42.8	55.8	42.6
1414	37.3	35.2	47.3	31.7
1415	36.1	33.4	46.3	33.9
1416	35.5	39.9	50.5	43.2
1417	37.0	45.6	46.8	30.6
1418	39.1	37.5	47.4	32.9
1419	35.5	32.3	58.4	34.7
1420	35.5	34.7	45.2	42.5
1421	45.2	37.6	64.0	31.7
1422	39.7	42.0	56.1	33.8
1423	45.2	47.0	54.4	46.7
1424	41.7	46.0	53.3	30.8
1425	26.3	33.4	46.9	23.3
1426	53.4	38.3	55.7	26.9
1427	25.9	27.9	49.4	24.6
1428	24.7	53.4	49.6	50.5
1429	41.8	46.3	47.8	40.1
1430	16.9	34.9	53.5	20.6
1431	45.3	35.1	55.2	34.7
1432	44.4	33.9	51.4	34.7
1433	45.8	30.5	54.9	40.5
1434	45.7	36.4	51.8	35.7
1435	27.7	37.0	52.0	21.5
1436	27.8	36.5	62.5	24.3
1437	32.4	31.0	58.2	25.0
1438	32.4	31.4	61.2	25.0
1439	30.4	33.0	59.2	25.5
1440	31.9	31.1	47.5	24.8
1441	21.8	32.5	45.9	24.7
1442	32.0	32.3	55.0	24.8
1443	23.0	32.0	57.2	45.0
1444	35.7	36.7	55.9	31.6
1445	34.6	40.6	52.2	34.9
1446	40.5	39.3	54.4	37.9
1447	39.2	33.4	53.8	20.0
1448	35.6	34.5	46.0	21.2
1449	35.3	32.3	56.6	21.0
1450	45.3	32.1	53.5	22.8
1451	38.4	35.3	57.1	30.5
1452	42.2	50.8	44.5	37.2
1453	43.1	39.0	48.6	33.6
1454	50.2	44.1	58.0	38.8
1455	47.4	41.9	65.9	34.7
1456	41.8	46.3	44.1	37.9
1457	51.1	45.8	66.7	29.7
1458	50.9	46.3	66.6	28.8
1459	52.1	45.0	67.8	49.5
1460	51.1	43.0	66.7	48.9
1461	49.9	46.6	57.3	31.8
1462	55.8	45.3	58.5	30.5
1463	56.0	46.8	51.0	31.0
1464	57.0	48.2	52.3	32.7
1465	46.9	48.8	52.3	39.6
1466	46.8	45.9	54.2	42.2
1467	48.4	42.8	53.3	37.4
1468	36.9	44.5	41.7	37.0
1469	33.2	59.6	51.8	34.8
1470	39.4	37.7	57.8	41.7
1471	33.7	45.9	57.2	33.3
1472	36.8	39.5	56.7	37.5
1473	35.1	52.3	56.2	31.8
1474	37.6	39.7	49.8	27.6
1475	36.2	39.8	54.3	33.9
1476	36.8	37.4	48.0	42.0
1477	46.1	38.6	50.1	32.9
1478	32.5	47.8	53.4	51.0
1479	31.8	36.3	48.2	34.1
1480	36.9	38.3	55.6	31.9
1481	35.7	41.6	48.8	34.5
1482	37.3	51.4	55.9	30.4
1483	33.9	51.4	57.4	32.3
1484	53.9	40.5	55.0	34.3
1485	35.7	46.5	61.9	32.1
1486	31.8	44.9	54.7	37.2
1487	49.8	43.7	56.9	35.7
1488	34.1	42.1	46.8	31.0
1489	29.8	47.8	54.4	42.7
1490	34.4	39.6	55.8	35.8
1491	37.8	39.4	58.1	42.9
1492	39.9	45.2	57.0	39.9
1493	37.4	42.5	54.8	31.4
1494	45.3	40.0	53.0	32.5
1495	32.4	52.0	55.9	34.6
1496	44.4	49.3	50.3	44.2
1497	35.4	54.6	56.3	54.3
1498	31.8	38.7	54.8	34.0
1499	40.9	51.9	48.2	37.9
1500	51.2	53.9	52.3	44.7
1501	51.0	40.3	54.7	43.1
1502	33.7	42.7	61.6	31.2
1503	48.0	50.7	50.6	52.3
1504	42.7	41.1	49.5	31.1
1505	34.7	42.3	46.4	32.6
1506	41.6	55.7	60.3	56.6
1507	39.0	34.1	55.1	52.8
1508	47.0	39.8	41.9	42.9
1509	40.6	38.0	50.1	35.9
1510	38.6	45.0	48.7	35.4
1511	44.1	32.0	49.5	36.3
1512	42.6	37.2	50.6	48.4
1513	46.3	32.6	47.3	38.4
1514	41.2	34.4	48.4	38.6
1515	47.2	37.2	51.9	54.1
1516	42.6	33.4	49.2	42.8
1517	39.0	45.9	49.3	44.0
1518	38.5	31.6	46.2	36.5
1519	40.6	36.3	48.5	38.2
1520	49.1	42.7	51.1	46.5
1521	48.9	44.8	56.3	52.2
1522	48.2	42.4	50.0	35.7
1523	47.4	41.7	50.4	38.1
1524	49.9	48.0	50.7	39.8
1525	50.9	45.6	48.1	34.5
1526	47.7	41.7	58.6	35.7
1527	48.7	55.7	51.1	38.9
1528	46.0	42.7	53.1	47.1
1529	49.3	59.0	51.1	45.7
1530	47.8	47.3	53.1	48.9
1531	46.5	44.2	58.5	36.2
1532	48.3	39.6	49.9	36.7
1533	45.0	42.1	43.3	28.6
1534	44.9	42.9	52.8	28.0
1535	44.6	42.4	51.2	33.4
1536	45.6	44.0	54.8	28.3
1537	43.9	46.8	62.2	71.6
1538	45.8	45.1	52.3	28.4
1539	41.8	45.2	60.7	29.7
1540	46.2	44.5	48.4	27.6
1541	42.8	45.2	60.7	42.8
1542	45.2	45.8	60.5	26.4
1543	45.7	45.4	54.2	28.8
1544	45.5	47.5	49.2	28.4
1545	46.2	43.9	48.4	27.3
1546	44.1	39.6	51.7	36.4
1547	41.3	39.6	47.7	29.6
1548	45.1	40.5	51.0	31.4
1549	32.5	43.4	46.7	30.1
1550	40.8	41.2	46.4	28.0
1551	40.6	41.4	53.5	27.3
1552	47.1	36.2	46.6	32.5
1553	46.6	38.8	51.1	28.4
1554	38.9	38.0	42.7	31.4
1555	43.8	41.8	47.2	72.2
1556	43.9	37.3	44.9	34.7
1557	37.4	39.5	44.5	31.5
1558	39.4	39.2	71.2	34.7
1559	41.1	41.6	42.2	37.8
1560	41.0	38.6	42.7	33.5
1561	41.4	40.0	41.1	72.8
1562	45.1	39.4	44.9	33.5
1563	42.6	37.9	40.5	32.6
1564	40.4	39.9	42.5	31.9
1565	40.4	40.5	45.7	34.3
1566	48.7	40.9	47.1	51.1
1567	37.3	36.3	60.2	44.7
1568	42.2	38.3	40.3	42.7
1569	39.0	37.6	38.1	37.2
1570	39.5	37.0	40.9	46.5
1571	42.0	45.2	46.1	32.7
1572	33.0	40.1	42.9	32.4
1573	42.2	52.9	57.7	31.4
1574	38.5	30.9	39.5	40.2
1575	37.4	29.5	46.7	34.0
1576	63.2	55.3	63.4	39.2
1577	52.9	44.0	49.4	37.3
1578	54.0	51.2	60.3	52.1
1579	38.7	48.7	52.7	46.7
1580	58.4	43.6	61.5	67.2
1581	39.1	35.5	50.5	29.7
1582	41.4	34.3	52.5	34.3
1583	46.6	43.5	53.9	36.0
1584	45.2	40.5	53.7	40.6
1585	47.4	39.2	57.8	39.7
1586	59.9	47.1	62.2	49.9
1587	48.1	37.5	53.5	26.0
1588	48.1	42.6	51.4	50.0
1589	37.0	29.5	60.1	43.6
1590	40.7	37.1	54.1	45.6
1591	49.5	34.7	51.1	39.4
1592	49.5	30.6	44.8	27.8
1593	40.9	33.7	65.1	28.7
1594	31.7	47.1	46.8	37.5
1595	43.3	47.3	49.1	90.4
1596	43.6	51.9	53.5	33.7
1597	45.7	38.9	53.8	29.2
1598	44.6	50.2	49.5	30.7
1599	43.2	39.1	48.7	37.9
1600	45.5	36.2	47.1	39.1
1601	43.0	39.1	48.0	31.5
1602	43.9	40.3	50.7	43.3
1603	44.1	39.1	52.8	30.8
1604	42.1	33.2	49.2	40.7
1605	37.8	49.5	53.8	38.1
1606	42.4	39.1	47.4	31.4
1607	41.0	39.2	51.5	33.3
1608	43.9	34.4	49.5	29.1
1609	40.4	39.7	49.5	45.9
1610	42.9	36.3	49.5	31.0
1611	46.4	42.6	46.3	51.1
1612	42.3	32.4	50.9	29.9
1613	35.5	54.1	50.2	42.2
1614	49.8	38.8	47.8	28.9
1615	41.2	45.7	44.4	39.8
1616	42.7	39.1	43.8	29.9
1617	37.8	42.9	47.0	42.0
1618	42.4	37.5	49.2	40.3
1619	41.6	35.2	44.8	30.6
1620	40.5	37.1	44.4	31.5
1621	41.9	39.7	43.0	27.9
1622	54.9	32.3	43.6	29.3
1623	41.4	41.2	55.9	37.4
1624	41.2	36.1	43.4	28.4
1625	40.5	49.9	55.0	25.8
1626	40.8	32.7	57.2	29.4
1627	38.6	43.6	56.5	26.8
1628	37.5	44.6	55.7	28.7
1629	50.8	39.3	54.4	36.4
1630	49.0	46.8	54.6	30.3
1631	49.0	53.0	57.5	30.1
1632	47.5	54.0	44.5	31.4
1633	28.6	38.8	48.7	29.9
1634	34.1	49.2	58.8	41.5
1635	47.4	50.5	65.5	36.4
1636	47.2	42.4	68.3	67.1
1637	41.3	35.4	53.7	61.9
1638	41.6	42.8	67.8	47.3
1639	47.5	37.7	40.4	43.7
1640	36.7	43.2	46.8	30.0
1641	48.5	45.1	50.8	37.1
1642	47.8	42.7	42.7	71.8
1643	46.5	35.7	47.0	39.3
1644	46.6	34.9	48.9	35.7
1645	44.2	36.6	47.3	39.4
1646	45.5	45.5	47.6	41.1
1647	44.3	38.5	54.2	28.5
1648	46.5	40.0	61.2	39.2
1649	42.6	41.0	62.4	41.9
1650	43.5	36.1	59.8	35.5
1651	45.2	42.8	63.0	40.7
1652	54.8	43.2	57.5	41.0
1653	57.1	41.1	54.7	47.3
1654	46.3	37.5	49.4	42.6
1655	55.2	44.5	53.6	41.7
1656	56.0	38.8	56.3	42.4
1657	52.5	42.0	61.4	46.7
1658	34.8	51.1	51.3	39.4
1659	54.6	39.2	49.9	41.6
1660	57.5	44.4	53.9	47.1
1661	38.8	38.3	47.7	47.2
1662	53.9	39.3	49.7	44.4
1663	47.7	39.1	54.4	40.4
1664	40.3	37.6	57.0	37.0
1665	55.5	37.7	51.3	42.4
1666	53.9	38.8	58.9	46.7
1667	55.2	40.6	57.6	41.0
1668	55.0	41.6	52.8	41.8
1669	52.8	40.7	39.0	37.5
1670	33.5	37.9	50.4	37.9
1671	33.5	35.5	47.7	30.3
1672	49.2	34.9	57.6	25.8
1673	44.0	36.6	54.6	26.9
1674	46.7	33.8	54.8	25.7
1675	37.3	45.5	53.5	36.5
1676	41.9	45.6	58.3	39.3
1677	38.9	34.4	50.9	29.8
1678	34.4	33.3	53.0	26.1
1679	39.7	35.0	51.2	36.8
1680	38.3	37.1	47.5	27.5
1681	44.5	32.1	59.8	34.5
1682	38.9	34.4	50.9	29.8
1683	42.3	35.0	49.1	64.0
1684	32.2	42.5	45.5	38.6
1685	40.4	46.5	61.1	41.2
1686	25.9	53.1	58.7	26.1
1687	32.2	46.4	46.4	23.8
1688	46.4	46.7	53.5	14.7
1689	43.3	38.7	53.9	34.8
1690	36.7	47.2	57.5	36.8
1691	41.9	46.7	49.9	44.9
1692	47.5	45.2	58.0	37.4
1693	47.2	44.1	53.6	54.0
1694	46.1	60.7	58.0	70.4
1695	43.7	39.9	55.7	55.7
1696	44.3	41.2	55.6	43.4
1697	50.2	44.1	55.1	33.4
1698	65.7	44.6	56.5	71.9
1699	59.0	43.8	55.5	48.1
1700	50.4	44.1	43.5	46.2
1701	58.0	44.8	57.1	67.2
1702	50.8	44.8	54.9	47.9
1703	59.9	43.6	53.8	30.5
1704	60.0	41.9	56.4	35.6
1705	69.4	44.2	58.3	33.3
1706	49.3	46.9	62.0	49.4
1707	44.8	46.8	48.3	28.4
1708	45.8	43.2	48.4	42.7
1709	46.3	48.7	49.0	29.6
1710	47.1	43.2	59.9	37.6
1711	45.6	43.1	57.8	31.0
1712	51.2	44.0	57.9	37.1
1713	45.9	43.6	45.7	45.4
1714	53.1	47.5	66.8	32.7
1715	54.5	45.8	58.3	44.7
1716	45.9	43.9	53.7	33.4
1717	52.5	48.0	48.6	39.0
1718	43.1	34.3	36.1	34.0
1719	41.8	36.0	53.4	20.8
1720	39.8	38.4	56.8	36.5
1721	39.2	49.0	57.5	36.1
1722	55.4	35.2	62.6	45.9
1723	42.3	41.0	46.1	34.9
1724	39.4	40.6	47.8	42.8
1725	31.5	39.0	51.9	25.9
1726	24.5	34.4	45.7	22.8
1727	26.0	30.5	49.6	23.5
1728	28.4	40.4	50.3	31.9
1729	35.6	36.8	45.8	19.2
1730	42.9	43.5	51.4	37.6
1731	43.4	47.5	51.8	35.2
1732	50.5	40.4	52.0	42.1
1733	48.5	39.3	52.4	30.4
1734	43.2	44.1	29.8	29.5
1735	42.1	34.2	51.4	33.4
1736	49.8	46.6	45.3	37.5
1737	51.7	33.9	42.4	30.5
1738	44.4	44.3	54.2	28.2
1739	42.6	37.9	51.4	29.7
1740	44.0	34.9	46.3	27.2
1741	45.5	36.4	45.8	29.6
1742	45.9	34.3	49.0	25.8
1743	46.2	33.9	44.1	30.0
1744	43.5	31.4	44.6	33.3
1745	45.9	33.9	49.0	91.9
1746	39.0	36.6	46.0	27.9
1747	41.3	38.0	47.3	22.8
1748	41.7	30.3	52.1	26.0
1749	43.0	40.4	50.3	23.2
1750	42.4	38.5	46.2	28.9
1751	41.3	38.0	47.3	22.8
1752	40.8	41.6	46.1	28.1
1753	49.0	37.2	38.8	44.6
1754	51.1	33.1	53.5	58.8
1755	50.1	33.3	55.1	59.0
1756	50.5	33.4	55.4	72.8
1757	49.4	33.6	58.1	31.5
1758	47.3	32.0	45.1	29.3
1759	47.0	29.6	51.6	53.8
1760	44.7	42.2	55.8	39.4
1761	45.0	35.7	51.2	29.8
1762	48.6	38.6	53.5	55.8
1763	45.9	31.7	48.3	50.3
1764	47.4	31.6	51.3	52.5
1765	39.6	42.0	49.7	42.8
1766	44.9	51.8	48.0	35.8
1767	39.8	37.1	56.1	37.2
1768	61.6	39.4	48.9	34.8
1769	27.6	41.6	57.1	27.9
1770	46.9	40.5	54.1	38.9
1771	49.2	54.2	65.5	38.8
1772	47.0	38.1	54.8	42.9
1773	43.0	34.8	63.1	36.0
1774	45.8	33.6	60.6	38.5
1775	44.2	38.5	47.2	40.9
1776	43.5	35.2	54.2	31.4
1777	42.1	31.6	51.6	30.2
1778	52.0	34.1	50.5	41.2
1779	52.3	33.7	47.4	37.5
1780	55.2	35.7	52.6	41.6
1781	55.2	35.7	52.6	41.6
1782	43.1	34.8	62.6	34.3
1783	42.8	38.2	46.4	50.7
1784	48.9	33.4	43.3	40.8
1785	43.1	40.4	51.5	35.7
1786	35.7	34.9	62.5	35.3
1787	31.3	35.4	52.0	31.1
1788	51.8	51.5	61.5	41.7
1789	44.7	45.7	45.8	33.6
1790	48.1	48.2	47.2	43.1
1791	47.9	48.3	60.1	43.2
1792	45.8	42.9	59.7	45.5
1793	48.1	41.2	49.7	47.1
1794	39.7	39.9	48.6	45.1
1795	42.1	43.6	51.0	40.6
1796	43.0	43.0	51.8	33.2
1797	43.3	49.6	45.8	38.0
1798	45.6	43.9	50.9	46.5
1799	41.3	62.5	44.6	42.7
1800	46.5	46.4	53.0	36.6
1801	42.8	44.1	50.2	33.7
1802	44.6	52.3	51.7	31.6
1803	39.9	46.4	47.1	44.1
1804	37.4	42.3	55.2	43.5
1805	45.0	43.5	47.4	32.9
1806	37.0	57.2	50.5	37.8
1807	39.1	45.4	49.4	40.5
1808	54.2	44.5	59.9	37.1
1809	48.1	43.5	60.5	34.6
1810	50.3	43.9	54.0	36.6
1811	49.9	45.2	58.5	36.6
1812	49.3	42.9	60.1	36.6
1813	49.5	43.5	58.0	38.7
1814	49.0	45.0	58.7	34.6
1815	49.6	43.0	58.7	34.7
1816	51.0	45.8	60.9	37.4
1817	51.0	45.5	60.9	35.9
1818	50.2	43.3	58.2	42.2
