	answers_prompt_1_gulpease_index	answers_prompt_2_gulpease_index	answers_prompt_3_gulpease_index	answers_prompt_4_gulpease_index
0	58.3	45.4	63.7	55.8
1	47.6	52.4	59.0	40.6
2	51.7	50.4	58.4	47.9
3	39.8	52.3	54.4	46.7
4	50.8	48.3	53.0	37.1
5	56.7	40.2	53.4	50.5
6	40.9	49.7	55.7	49.4
7	48.9	48.6	58.0	47.7
8	40.1	43.1	60.2	40.3
9	56.7	42.1	57.9	53.0
10	51.1	46.5	48.8	47.0
11	52.2	50.6	51.1	69.7
12	52.2	50.2	63.7	52.5
13	58.0	49.0	56.5	52.4
14	41.4	56.5	51.8	45.0
15	45.9	47.3	47.7	52.3
16	39.7	43.2	55.4	47.6
17	40.6	51.2	54.8	49.3
18	44.7	39.7	53.1	40.6
19	59.5	50.8	57.7	46.2
20	42.8	54.0	46.3	39.9
21	46.5	43.9	60.8	50.0
22	39.2	48.3	52.4	46.5
23	46.1	41.3	55.5	55.2
24	54.1	40.7	58.0	55.2
25	42.3	51.8	52.9	46.1
26	53.8	50.3	52.6	54.3
27	54.9	55.1	57.7	55.0
28	55.8	52.0	49.6	51.0
29	61.8	46.7	51.9	43.0
30	53.5	54.9	54.0	48.0
31	51.4	48.1	58.2	58.6
32	52.6	50.6	56.4	46.5
33	53.3	44.1	62.3	43.8
34	60.8	46.6	49.3	51.2
35	36.6	56.3	54.8	40.7
36	50.9	60.7	57.4	56.8
37	57.3	55.4	47.2	47.9
38	58.5	58.6	53.3	47.5
39	47.2	48.0	63.1	43.7
40	48.5	53.8	54.8	41.0
41	58.1	47.9	67.9	47.2
42	56.9	51.9	56.2	46.7
43	62.8	57.0	54.8	52.8
44	43.0	50.4	45.4	54.7
45	57.4	51.0	51.0	43.7
46	46.4	51.8	54.4	46.3
47	45.6	39.2	61.6	58.0
48	45.7	46.5	62.0	47.7
49	46.5	50.6	58.5	53.5
50	45.5	50.2	58.4	57.5
51	50.3	46.2	53.0	46.0
52	50.1	35.5	51.6	45.0
53	54.0	51.6	61.0	55.1
54	54.1	56.1	45.9	51.1
55	53.8	57.0	57.5	49.8
56	43.9	43.8	53.4	38.0
57	51.4	51.3	57.6	50.9
58	51.5	41.0	61.9	49.2
59	76.1	50.1	52.0	51.8
60	43.2	46.8	55.5	74.4
61	45.5	53.0	57.5	39.8
62	56.0	44.1	57.8	58.6
63	51.5	42.0	55.9	45.1
64	50.1	59.0	54.2	67.6
65	74.6	46.0	63.8	49.3
66	48.1	50.7	58.6	52.4
67	51.3	57.8	61.2	51.3
68	53.3	47.7	54.4	48.7
69	47.1	49.5	53.5	54.6
70	44.8	53.3	54.5	48.0
71	54.2	50.7	63.7	45.0
72	56.9	47.9	49.5	46.8
73	58.0	56.8	55.9	55.1
74	44.8	52.9	51.6	51.8
75	64.0	50.6	53.1	38.4
76	65.3	51.6	56.5	46.8
77	52.4	46.6	55.0	33.5
78	36.1	50.9	60.4	48.0
79	48.9	52.0	56.7	56.0
80	43.4	52.2	60.7	47.2
81	50.2	43.6	50.1	51.8
82	49.9	45.9	48.7	44.0
83	50.6	48.5	49.4	52.1
84	46.1	46.0	41.8	47.6
85	47.0	37.5	59.3	53.4
86	57.9	57.3	66.1	49.9
87	48.6	44.6	48.4	49.9
88	49.9	49.0	56.2	50.9
89	51.2	46.1	51.0	40.7
90	43.1	59.7	60.3	54.0
91	43.6	50.6	62.3	42.1
92	58.4	43.8	67.9	46.7
93	51.9	-5.4	59.2	46.0
94	50.5	51.7	53.8	37.8
95	49.9	54.1	53.3	43.1
96	49.3	50.8	57.7	50.0
97	40.0	47.2	40.2	50.3
98	50.6	-20.0	56.2	47.0
99	53.9	47.9	50.1	52.0
100	45.4	50.1	57.7	45.5
101	47.5	56.3	52.8	51.0
102	36.3	42.1	52.3	45.0
103	41.7	45.5	59.3	43.6
104	30.8	48.4	58.8	53.6
105	59.0	46.6	56.9	48.4
106	46.0	53.6	55.4	48.8
107	50.0	55.0	55.6	50.3
108	58.1	43.5	51.8	48.7
109	57.2	53.8	62.8	56.4
110	52.8	48.5	55.3	50.6
111	59.9	47.9	63.5	48.4
112	41.9	42.3	56.9	49.9
113	40.8	54.7	52.6	42.1
114	40.1	46.8	46.6	51.6
115	52.2	50.4	51.3	55.8
116	71.5	61.6	57.3	54.2
117	60.1	53.4	55.9	54.2
118	57.3	57.7	57.9	44.9
119	46.5	49.5	44.4	49.8
120	77.6	57.0	59.7	52.6
121	55.2	57.8	61.5	47.1
122	49.9	56.4	57.6	45.7
123	29.8	36.6	67.3	57.6
124	101.0	53.6	50.3	46.1
125	62.0	46.5	53.2	53.1
126	54.4	53.8	50.1	55.3
127	40.5	59.8	53.3	45.7
128	67.8	50.9	56.1	51.7
129	48.3	46.5	54.9	37.3
130	52.4	49.0	57.7	53.3
131	50.9	44.1	56.6	49.5
132	51.5	50.3	59.3	44.7
133	47.4	51.9	60.2	58.4
134	43.5	53.6	55.1	49.7
135	46.2	48.2	48.3	49.4
136	48.4	52.6	54.9	46.7
137	50.5	51.9	62.5	56.3
138	52.4	46.9	55.1	46.5
139	40.8	49.0	50.3	52.4
140	51.2	43.4	58.0	46.2
141	49.0	52.4	58.1	54.5
142	64.5	50.8	61.0	45.4
143	48.4	50.8	51.2	41.8
144	55.7	55.4	51.3	43.7
145	43.4	47.2	58.4	41.5
146	50.4	52.1	59.2	49.7
147	46.6	49.0	64.4	57.8
148	43.3	46.3	57.3	46.2
149	56.7	52.7	57.3	50.1
150	49.0	39.1	51.4	41.3
151	56.0	53.8	55.8	52.1
152	48.4	56.3	46.6	50.8
153	40.5	54.2	50.8	55.8
154	55.0	45.3	59.7	49.0
155	65.4	44.8	51.0	49.8
156	55.7	54.2	58.7	46.9
157	52.8	52.2	56.1	49.0
158	52.8	50.6	57.0	45.7
159	63.5	47.3	50.5	47.0
160	46.6	48.3	50.6	33.7
161	45.9	48.6	62.8	49.4
162	52.2	51.4	52.1	51.4
163	45.6	45.9	61.6	47.1
164	42.0	52.3	59.0	46.2
165	51.2	47.6	56.9	50.4
166	54.6	42.1	64.9	59.0
167	38.6	39.1	52.7	44.2
168	59.3	50.8	57.9	46.1
169	39.8	46.8	50.5	50.6
170	51.6	55.0	61.3	46.8
171	50.5	51.2	57.5	42.8
172	54.0	46.7	50.9	43.0
173	40.5	52.3	61.1	43.8
174	53.2	48.4	57.2	52.1
175	52.5	54.9	54.4	48.8
176	50.7	46.5	50.7	50.7
177	63.5	50.8	61.5	48.4
178	42.9	52.8	66.5	51.0
179	50.8	58.0	54.3	52.3
180	44.1	55.6	51.0	53.9
181	50.4	52.3	54.8	57.2
182	51.9	54.3	61.3	50.0
183	46.5	54.3	69.0	53.7
184	49.0	49.1	57.8	60.1
185	48.0	51.0	51.8	45.9
186	49.3	47.7	59.2	49.4
187	48.4	46.1	53.7	64.4
188	45.8	53.7	56.8	46.8
189	51.3	42.0	53.1	46.8
190	48.3	52.3	60.0	53.0
191	50.5	51.2	42.9	55.0
192	46.0	48.2	58.5	53.3
193	54.0	54.2	52.9	57.1
194	49.5	46.2	62.1	59.5
195	55.4	48.0	56.7	55.7
196	40.8	53.2	60.3	35.0
197	39.5	56.3	54.3	54.0
198	43.5	45.4	56.4	44.0
199	48.3	50.4	53.9	48.8
200	50.1	51.1	45.5	57.7
201	52.8	54.2	58.6	42.2
202	56.9	49.5	55.3	50.4
203	43.8	52.2	47.3	50.0
204	59.0	43.3	49.0	39.2
205	61.3	50.7	67.9	54.7
206	51.7	49.3	56.6	52.9
207	51.4	51.4	55.2	47.3
208	49.8	55.0	49.5	50.8
209	55.0	52.6	54.0	49.7
210	45.8	52.1	63.3	40.9
211	55.4	52.8	44.2	51.0
212	50.3	53.6	50.2	48.4
213	59.0	61.5	66.5	45.5
214	39.6	54.3	58.4	51.4
215	40.3	52.3	59.8	43.6
216	62.8	56.9	58.1	50.9
217	44.6	48.4	49.9	44.9
218	51.2	42.7	55.8	40.3
219	74.0	49.7	53.1	49.6
220	48.3	81.1	62.5	47.7
221	62.1	47.6	54.1	49.2
222	50.3	64.3	51.3	66.1
223	52.3	44.8	55.3	54.0
224	47.2	48.3	47.4	50.7
225	42.2	49.9	57.7	46.5
226	52.0	47.3	47.5	58.7
227	39.0	51.0	54.8	50.4
228	48.3	46.9	54.9	54.0
229	39.5	55.3	52.9	57.8
230	55.1	52.1	67.2	47.7
231	62.3	51.1	59.2	43.4
232	51.3	36.9	49.0	41.3
233	48.1	52.3	54.1	51.5
234	44.8	49.6	55.3	52.9
235	57.9	57.0	65.0	41.4
236	54.0	50.2	57.2	49.9
237	47.8	38.7	56.9	44.3
238	58.3	55.3	55.2	40.7
239	41.6	69.0	51.7	41.2
240	55.1	47.6	59.5	46.3
241	45.3	52.3	60.0	45.2
242	54.2	51.2	52.8	47.1
243	63.1	53.6	51.9	49.0
244	48.5	52.8	54.7	45.6
245	62.3	48.2	51.7	40.4
246	43.8	60.6	53.3	48.8
247	49.9	52.8	50.9	43.8
248	59.5	56.1	62.9	54.4
249	44.8	45.8	63.1	52.5
250	48.2	44.5	48.2	45.3
251	45.9	55.8	54.8	55.8
252	64.8	46.6	55.5	50.8
253	58.8	49.8	52.8	50.6
254	42.0	47.0	56.9	47.6
255	52.6	47.9	51.6	49.2
256	45.4	50.9	61.9	53.2
257	53.7	48.6	47.7	40.0
258	55.5	45.7	50.2	42.4
259	50.4	50.0	53.6	47.4
260	44.5	56.9	54.4	58.5
261	46.0	42.9	58.0	50.1
262	52.7	47.6	48.8	48.1
263	50.5	51.0	59.6	49.6
264	55.3	45.4	53.6	43.2
265	52.8	51.4	58.3	43.7
266	51.7	52.1	63.5	45.9
267	50.3	49.8	59.0	42.6
268	43.7	55.6	54.3	42.6
269	55.9	55.7	53.7	44.3
270	46.4	48.0	54.2	59.6
271	62.8	51.0	61.8	50.6
272	35.8	42.8	61.0	56.5
273	47.5	41.8	50.9	45.5
274	37.0	52.1	58.8	52.3
275	49.0	40.8	59.0	51.7
276	53.2	37.5	44.5	52.2
277	39.6	49.2	53.3	52.2
278	35.0	43.4	55.9	41.2
279	60.3	50.3	51.8	44.1
280	45.6	46.1	50.3	43.2
281	34.0	46.6	60.4	50.7
282	39.6	63.6	51.2	52.9
283	41.5	58.7	51.0	45.3
284	28.1	43.8	53.7	51.7
285	47.7	50.9	53.4	47.1
286	50.5	52.1	59.0	47.5
287	49.4	47.8	54.5	50.1
288	49.6	41.4	57.4	55.7
289	47.3	45.5	52.6	49.7
290	52.3	48.0	49.2	49.2
291	46.4	49.8	59.7	43.0
292	54.7	52.4	55.9	51.9
293	59.9	47.3	60.1	42.0
294	43.8	49.8	55.7	38.0
295	41.5	50.3	52.7	50.3
296	48.0	42.9	60.3	49.0
297	33.8	46.5	55.2	44.6
298	49.7	57.2	55.2	45.4
299	51.7	50.8	55.1	44.8
300	54.2	51.5	47.9	50.7
301	46.9	45.4	55.4	44.9
302	44.8	49.7	49.4	39.0
303	43.8	52.2	65.9	55.3
304	56.6	47.8	62.3	49.8
305	45.6	47.2	60.3	50.3
306	41.0	48.8	59.1	46.6
307	54.1	39.7	58.2	47.3
308	56.5	53.5	54.3	49.3
309	46.8	48.7	54.4	46.9
310	51.3	54.6	60.6	54.0
311	49.4	49.4	58.7	49.5
312	53.9	55.7	54.6	35.0
313	52.6	46.3	63.0	46.7
314	61.3	34.8	56.3	51.2
315	40.8	52.1	65.1	49.0
316	35.3	42.4	56.0	48.7
317	75.7	50.0	57.1	53.7
318	44.5	47.9	58.3	49.0
319	49.3	44.3	56.2	44.9
320	53.7	46.2	55.8	53.0
321	52.5	58.0	53.1	39.2
322	47.4	47.5	60.6	50.6
323	45.4	45.5	50.4	56.9
324	29.7	44.1	48.2	44.7
325	48.0	44.1	56.8	37.4
326	56.7	48.3	58.8	53.3
327	55.5	43.7	53.5	48.4
328	55.6	57.0	60.4	40.9
329	47.3	51.3	61.6	52.9
330	55.5	12.3	60.4	52.0
331	58.3	48.6	56.3	56.2
332	43.2	48.7	54.0	46.8
333	43.2	48.8	52.1	50.8
334	48.0	44.0	51.6	47.5
335	41.7	49.0	49.0	52.3
336	49.6	54.8	60.7	50.6
337	41.8	55.9	53.9	47.1
338	59.8	53.5	61.1	52.2
339	52.2	50.7	60.7	42.5
340	52.1	49.0	60.8	54.6
341	52.3	55.8	52.1	45.6
342	49.9	49.4	49.4	57.7
343	46.5	53.6	57.2	58.0
344	62.6	46.4	56.5	40.6
345	52.7	58.0	46.9	54.0
346	47.6	53.0	58.1	52.5
347	54.3	52.0	55.4	40.6
348	47.5	62.0	50.9	47.2
349	61.1	48.8	45.4	43.8
350	37.2	47.4	58.0	59.7
351	47.6	49.0	64.4	-1255.1
352	53.6	50.4	59.8	51.1
353	49.0	46.7	56.6	42.9
354	54.9	61.1	49.0	55.2
355	35.5	57.3	59.9	44.0
356	45.0	43.2	56.2	51.2
357	41.4	51.8	47.7	49.7
358	61.7	53.5	58.4	47.3
359	69.0	46.1	55.0	55.7
360	53.8	56.9	61.7	46.4
361	39.3	51.5	62.9	56.1
362	46.3	42.4	54.0	46.1
363	42.5	48.7	53.5	57.5
364	50.7	53.7	63.0	48.5
365	36.5	56.4	49.6	47.6
366	54.0	45.4	61.5	48.0
367	55.8	46.0	61.3	52.6
368	48.8	54.4	55.3	45.7
369	52.2	57.1	64.0	46.4
370	48.8	51.1	60.3	50.8
371	49.0	43.6	54.5	55.3
372	46.4	48.1	49.0	57.9
373	55.3	45.8	58.6	45.0
374	53.0	49.0	51.5	45.9
375	59.9	45.0	62.6	47.5
376	45.9	54.8	57.0	48.7
377	45.9	54.6	53.7	49.0
378	45.0	52.2	73.3	51.9
379	73.4	42.4	49.0	33.7
380	43.3	49.0	56.6	41.7
381	59.0	51.6	54.8	55.0
382	46.8	51.2	59.0	43.3
383	46.6	52.9	48.5	62.7
384	40.1	47.2	53.0	36.1
385	52.2	52.3	48.8	44.2
386	53.1	46.6	52.3	49.2
387	51.7	48.4	48.7	46.7
388	43.6	47.4	51.0	52.7
389	19.4	52.2	42.7	51.6
390	50.4	51.9	57.9	44.3
391	46.5	48.7	53.6	54.9
392	36.3	50.8	52.7	36.5
393	56.3	45.1	49.0	46.8
394	50.2	45.3	56.9	44.5
395	42.2	40.8	53.8	39.3
396	48.1	45.9	60.7	44.9
397	46.4	50.3	55.5	36.5
398	47.8	46.1	56.9	36.1
399	48.4	49.6	55.2	51.8
400	37.3	54.0	44.9	49.3
401	59.8	48.2	54.3	48.8
402	48.6	39.6	51.9	45.7
403	46.5	45.1	40.5	35.7
404	50.4	51.6	54.8	50.1
405	41.7	51.0	54.8	55.8
406	54.4	42.6	48.8	27.2
407	47.0	43.2	55.0	43.2
408	-29.2	53.8	53.7	42.0
409	46.3	43.8	55.0	42.7
410	53.0	52.3	47.9	45.1
411	44.5	58.1	49.9	44.7
412	37.8	51.5	51.9	55.9
413	45.8	39.2	53.0	40.0
414	48.2	45.8	49.4	48.5
415	47.1	48.2	41.4	51.8
416	40.1	62.1	58.6	44.4
417	50.8	49.6	62.5	52.2
418	39.5	52.3	63.2	40.1
419	47.3	55.2	59.0	45.9
420	49.9	77.3	50.5	44.2
421	57.4	41.0	54.9	52.2
422	54.2	53.7	55.2	52.1
423	41.1	43.6	52.4	45.4
424	41.5	47.8	56.2	46.4
425	44.5	47.2	47.9	56.5
426	49.0	55.7	54.5	45.0
427	46.0	46.3	57.2	37.7
428	45.4	54.0	51.6	51.3
429	51.3	58.2	54.2	47.0
430	55.9	49.2	55.2	59.3
431	49.2	49.8	43.6	57.4
432	56.9	51.9	45.2	37.5
433	71.0	46.5	52.4	51.1
434	44.5	46.8	62.7	59.5
435	49.0	48.7	48.3	49.0
436	68.6	46.8	64.0	44.6
437	45.3	45.6	59.6	48.2
438	62.9	47.4	49.2	57.1
439	47.5	58.0	52.3	50.2
440	49.0	42.6	58.4	47.5
441	55.4	46.1	50.1	47.0
442	57.8	23.7	58.3	56.2
443	52.0	53.2	53.5	56.8
444	57.2	54.5	54.0	58.2
445	51.5	51.6	60.6	45.5
446	51.4	44.8	56.1	51.6
447	51.0	54.2	54.4	50.1
448	42.9	53.9	54.4	42.4
449	50.0	49.0	57.8	43.2
450	47.0	54.9	57.8	49.3
451	55.2	54.5	56.1	53.8
452	55.3	45.8	59.8	50.4
453	46.7	44.9	55.9	45.1
454	46.8	49.0	54.0	46.7
455	51.0	51.3	50.6	48.6
456	51.4	41.7	58.5	52.5
457	50.9	49.0	54.8	52.8
458	40.5	47.4	59.0	46.0
459	49.0	46.6	51.3	43.2
460	45.1	49.7	49.4	41.1
461	48.0	53.3	54.4	50.5
462	64.6	46.8	60.0	46.1
463	51.4	45.3	54.7	48.4
464	45.7	51.9	59.6	50.3
465	52.3	57.3	51.1	44.1
466	54.0	51.3	57.3	47.3
467	49.0	50.0	57.3	42.6
468	57.8	45.5	57.2	49.2
469	44.4	44.6	61.6	44.9
470	47.8	50.0	52.2	51.0
471	57.6	53.4	58.7	45.0
472	69.0	52.3	53.8	38.5
473	45.5	-10.4	57.5	41.3
474	47.3	41.4	57.8	45.6
475	55.5	49.4	54.8	43.8
476	53.6	34.5	62.7	44.6
477	43.6	49.6	50.8	46.1
478	27.1	52.3	49.5	44.1
479	46.9	50.9	60.0	46.0
480	42.8	48.7	55.4	45.2
481	47.5	44.6	47.3	43.4
482	47.3	22.0	53.7	58.3
483	45.7	55.8	55.8	48.3
484	51.0	48.7	60.0	62.3
485	50.1	51.3	56.3	49.8
486	55.9	51.8	55.8	48.2
487	55.9	49.0	54.0	38.6
488	42.1	46.4	46.1	47.4
489	43.2	50.6	54.7	42.5
490	49.9	42.1	53.8	39.6
491	32.6	50.2	51.0	42.1
492	51.9	41.7	54.5	31.9
493	52.3	41.7	51.8	53.2
494	55.9	46.9	48.6	51.4
495	50.0	43.8	59.7	56.9
496	44.0	42.1	53.8	48.3
497	49.4	56.0	52.8	54.3
498	47.9	52.9	56.1	45.7
499	55.4	59.7	57.3	48.0
500	51.7	50.4	55.3	45.9
501	44.7	47.2	56.8	40.4
502	71.2	46.8	51.6	45.9
503	57.0	49.2	57.7	50.4
504	50.4	51.4	46.6	44.5
505	49.3	47.7	61.5	43.7
506	48.3	56.1	62.5	50.8
507	51.9	46.0	60.6	40.8
508	49.0	47.3	55.6	51.9
509	50.6	48.6	58.4	47.8
510	46.2	46.0	56.7	59.0
511	42.3	53.7	58.3	43.4
512	44.1	49.2	51.8	53.7
513	47.9	45.6	54.1	51.4
514	57.2	50.6	54.0	41.2
515	46.5	39.5	57.2	39.9
516	51.1	45.4	59.0	47.8
517	54.8	46.9	56.5	53.1
518	44.0	51.4	54.4	40.7
519	35.0	44.3	66.7	48.3
520	40.2	43.4	55.4	45.8
521	40.7	54.6	62.1	53.5
522	34.2	51.1	42.9	42.0
523	39.0	49.7	50.2	51.9
524	52.1	47.0	56.3	56.5
525	36.6	33.0	50.3	42.3
526	39.7	50.3	58.0	48.6
527	34.3	47.5	50.0	54.5
528	39.4	51.1	54.8	45.3
529	31.3	54.7	55.9	48.0
530	39.0	49.0	59.8	39.9
531	38.6	46.5	46.5	42.5
532	41.9	49.0	58.7	46.0
533	31.8	41.8	53.5	56.4
534	49.0	48.3	59.8	55.0
535	40.3	44.4	48.2	45.6
536	47.5	51.1	50.6	36.6
537	36.9	52.3	48.9	46.8
538	42.5	48.7	47.4	49.7
539	36.6	53.3	56.1	42.2
540	33.3	47.5	56.0	50.0
541	33.0	41.9	58.7	47.6
542	45.7	43.0	57.8	40.3
543	41.8	46.2	52.3	47.4
544	49.0	38.1	49.8	43.4
545	34.2	49.7	56.2	43.9
546	48.4	49.8	52.1	45.0
547	35.8	53.8	59.6	44.7
548	36.3	51.1	52.3	47.0
549	36.7	47.3	52.4	49.0
550	31.4	37.7	59.7	42.6
551	39.8	48.7	56.3	44.6
552	34.2	52.0	63.3	55.8
553	50.1	38.3	57.8	51.0
554	53.5	44.7	54.3	51.7
555	66.8	50.2	59.3	49.3
556	51.6	59.4	59.8	51.4
557	44.2	49.2	56.5	52.5
558	35.4	47.9	57.6	52.2
559	51.9	50.7	56.5	45.1
560	41.4	58.4	54.3	50.7
561	48.6	48.7	52.1	48.4
562	49.0	51.0	60.0	43.7
563	54.0	40.4	56.3	41.5
564	44.2	53.0	60.4	43.1
565	59.5	50.1	54.9	44.5
566	51.1	44.9	65.9	42.4
567	53.7	40.1	61.9	48.5
568	55.9	50.6	56.6	37.4
569	48.5	49.4	49.7	36.6
570	52.2	46.4	46.9	49.2
571	50.9	50.6	54.4	54.1
572	42.5	38.3	56.2	59.9
573	45.6	45.6	55.3	52.7
574	54.0	42.5	51.2	40.9
575	39.3	44.3	56.6	38.3
576	56.8	42.6	54.7	46.8
577	41.3	41.3	60.5	36.3
578	53.2	53.3	54.6	51.8
579	53.9	45.5	53.7	49.2
580	42.8	44.1	53.6	37.3
581	42.7	51.2	50.4	48.3
582	44.0	52.6	55.2	53.0
583	55.9	43.5	52.9	45.4
584	30.8	39.4	54.7	43.9
585	68.1	46.0	57.8	43.7
586	51.7	47.4	55.0	41.1
587	59.0	46.5	56.5	48.6
588	58.4	61.0	50.3	51.6
589	51.6	43.0	49.7	44.6
590	47.4	40.5	55.3	44.6
591	45.1	48.1	58.8	53.7
592	56.2	50.9	58.7	40.1
593	55.9	47.6	53.1	49.4
594	50.1	53.1	51.8	46.7
595	51.6	50.8	59.2	47.9
596	46.2	44.7	55.2	46.3
597	47.7	52.0	50.5	50.3
598	55.0	50.4	60.4	42.3
599	46.1	50.3	60.4	44.3
600	49.6	63.7	55.7	49.0
601	58.3	53.3	55.2	43.5
602	57.9	45.3	57.9	58.4
603	37.4	65.9	58.8	46.3
604	60.4	55.6	59.3	47.5
605	44.8	53.2	56.1	58.1
606	50.4	46.7	64.9	46.4
607	59.0	51.3	48.4	45.4
608	44.0	47.6	56.5	49.2
609	41.1	47.8	58.2	46.7
610	50.5	52.6	50.5	51.9
611	46.4	54.5	56.3	50.9
612	52.5	53.9	51.5	55.7
613	60.6	55.8	57.7	38.8
614	63.3	45.9	48.3	46.5
615	65.7	40.7	56.5	47.0
616	44.3	51.9	61.7	49.7
617	48.6	54.8	60.2	60.9
618	45.0	43.8	55.4	53.0
619	49.0	49.0	59.0	45.7
620	49.0	52.3	57.1	44.8
621	54.1	50.9	48.2	44.6
622	39.8	43.7	53.8	55.7
623	45.8	48.5	49.2	36.1
624	67.2	50.9	57.5	44.1
625	45.3	56.9	65.2	37.5
626	50.6	44.0	56.3	47.0
627	48.3	51.5	60.7	51.7
628	29.4	48.5	50.6	45.8
629	43.2	52.6	53.8	51.4
630	37.5	50.8	54.0	46.3
631	40.1	45.6	54.2	42.7
632	35.1	43.1	57.5	57.1
633	44.5	51.0	61.3	47.3
634	39.0	51.5	58.0	48.5
635	46.4	48.8	52.8	47.3
636	49.9	51.5	53.3	45.3
637	51.6	50.5	59.3	56.2
638	49.0	47.3	52.8	44.7
639	68.1	51.0	60.2	50.0
640	41.7	51.1	56.4	61.0
641	47.8	45.6	57.0	49.4
642	54.0	47.1	52.1	49.5
643	38.7	50.1	51.4	51.7
644	43.8	35.8	55.7	48.1
645	43.8	47.8	51.1	55.6
646	46.6	43.2	55.9	49.0
647	40.2	44.8	52.9	46.6
648	42.5	52.4	54.2	49.6
649	43.9	45.8	56.4	43.1
650	49.0	48.1	51.6	52.2
651	45.9	50.7	53.3	53.5
652	46.9	52.5	58.4	39.5
653	61.7	47.8	48.1	47.7
654	53.6	48.8	58.3	51.9
655	46.4	46.2	53.4	47.0
656	49.3	44.1	52.3	53.3
657	69.0	44.0	58.3	57.1
658	72.9	45.5	54.3	45.3
659	51.1	51.7	50.1	43.0
660	34.9	48.9	40.5	9.3
661	48.2	56.0	56.4	44.0
662	50.1	47.6	46.0	42.3
663	40.9	53.6	48.2	41.5
664	46.9	45.8	52.1	54.2
665	49.0	47.9	57.7	49.0
666	44.2	47.9	51.3	40.5
667	50.5	55.9	61.9	42.2
668	49.6	50.6	52.1	40.4
669	49.6	46.4	53.5	47.9
670	49.0	49.0	50.5	46.3
671	49.3	52.3	57.9	46.0
672	49.9	46.0	39.3	-49.9
673	50.9	52.9	50.9	52.2
674	50.3	43.9	50.2	39.5
675	43.6	44.2	51.4	45.3
676	42.8	44.0	46.7	50.4
677	51.5	41.2	53.2	47.2
678	62.3	51.9	58.0	47.7
679	45.0	49.2	56.8	45.9
680	48.0	48.0	64.0	50.4
681	37.7	41.7	57.6	52.0
682	70.3	47.8	61.3	58.5
683	38.7	48.0	55.9	44.0
684	42.9	48.6	55.8	58.0
685	51.6	46.3	56.2	57.0
686	67.5	44.9	51.8	39.9
687	51.4	45.9	51.8	48.8
688	80.1	53.3	50.4	56.9
689	44.8	45.0	50.4	52.2
690	41.0	47.8	55.4	48.8
691	43.9	45.6	60.3	41.9
692	35.5	39.2	59.3	47.3
693	41.0	51.6	54.6	45.2
694	52.1	35.5	39.5	47.3
695	49.5	54.7	53.5	44.0
696	59.3	54.3	57.8	50.9
697	46.1	54.6	50.3	46.2
698	37.9	49.6	52.1	47.3
699	51.9	51.3	57.3	51.2
700	33.5	50.7	50.0	45.6
701	50.4	52.0	55.7	44.3
702	54.5	50.8	51.6	53.1
703	48.6	46.4	59.9	36.2
704	46.2	53.9	52.8	50.6
705	54.4	48.8	56.1	41.6
706	47.1	71.0	57.9	49.6
707	57.9	47.7	60.4	42.6
708	50.8	53.5	55.3	41.2
709	52.1	53.9	56.2	53.0
710	50.8	42.9	48.3	44.7
711	47.1	47.4	60.2	46.6
712	56.9	37.4	55.1	49.0
713	42.6	43.2	59.0	53.6
714	62.5	48.2	54.6	54.7
715	62.8	44.5	62.5	48.8
716	39.9	48.4	56.4	51.8
717	40.1	45.5	42.9	44.6
718	51.5	44.2	48.3	42.8
719	52.5	58.4	50.4	47.4
720	49.7	49.4	49.7	59.0
721	53.1	49.2	48.3	49.3
722	54.3	75.9	60.2	53.0
723	53.9	56.0	49.5	46.0
724	43.5	51.8	56.9	43.5
725	49.0	47.1	53.6	48.6
726	49.8	43.8	54.2	42.1
727	56.9	49.2	54.4	44.8
728	58.0	53.6	53.9	44.4
729	43.3	50.1	54.1	41.3
730	67.9	46.4	56.0	46.1
731	61.7	50.8	57.7	47.5
732	49.0	54.3	60.0	51.7
733	52.7	48.5	53.3	47.8
734	45.2	51.2	57.9	67.6
735	43.5	38.7	47.6	47.2
736	42.3	46.8	48.7	49.3
737	44.2	49.0	56.4	57.0
738	43.5	51.9	52.8	41.3
739	45.3	48.1	53.0	39.3
740	51.2	58.2	57.3	60.8
741	46.8	36.8	46.3	43.7
742	43.0	46.9	52.5	53.4
743	46.3	47.0	52.0	51.1
744	44.4	47.7	51.9	50.5
745	43.2	51.6	41.5	41.9
746	47.3	45.6	55.2	50.1
747	50.2	44.7	53.8	40.6
748	48.4	51.8	52.6	46.0
749	48.4	55.0	61.6	44.2
750	58.0	43.6	53.1	43.6
751	52.1	56.4	57.0	51.1
752	55.1	79.0	53.0	47.1
753	31.2	53.1	53.0	55.7
754	41.9	49.3	59.0	42.4
755	51.9	44.1	48.3	47.6
756	34.7	45.8	53.3	47.2
757	48.5	43.5	51.8	38.1
758	41.4	51.6	57.4	40.5
759	41.3	50.4	62.5	39.8
760	41.4	40.9	58.3	47.0
761	55.7	39.2	57.3	44.4
762	24.0	57.8	49.6	52.2
763	43.5	52.0	49.9	52.3
764	49.0	49.4	58.8	45.5
765	41.2	52.7	54.4	62.9
766	50.3	56.1	57.2	48.6
767	50.5	52.0	52.7	54.5
768	40.4	47.8	62.0	51.9
769	47.1	50.0	56.0	58.4
770	52.6	53.1	53.4	48.4
771	45.2	52.8	54.2	44.6
772	48.2	51.1	55.0	47.1
773	42.2	50.6	55.7	46.6
774	45.1	44.5	53.4	49.0
775	44.9	47.5	52.3	46.0
776	39.0	47.8	56.1	62.0
777	47.9	53.9	56.6	55.2
778	45.3	58.2	53.6	41.1
779	42.3	52.1	61.3	51.6
780	44.3	41.2	51.0	56.1
781	55.7	47.6	51.4	48.3
782	47.4	53.2	52.5	48.2
783	40.0	54.1	52.9	49.9
784	47.8	52.8	57.6	45.5
785	50.4	54.8	52.4	44.7
786	41.7	48.2	61.7	49.0
787	59.4	44.7	45.7	52.7
788	60.5	58.6	51.9	48.0
789	31.8	47.7	53.8	51.4
790	43.1	53.7	56.8	51.8
791	51.1	51.5	50.6	48.0
792	41.6	51.9	50.5	47.1
793	44.6	51.6	53.5	45.1
794	56.7	39.2	51.0	48.5
795	38.5	49.6	48.8	47.9
796	42.8	41.3	46.3	47.8
797	48.3	52.8	50.0	50.2
798	91.0	58.7	63.4	63.0
799	41.1	45.2	56.0	54.9
800	35.2	55.7	64.5	53.2
801	46.0	27.3	49.5	51.6
802	47.8	56.6	54.1	48.0
803	64.0	54.4	50.1	50.0
804	58.3	54.3	53.9	57.4
805	38.0	46.7	45.3	47.5
806	41.5	51.4	55.5	47.1
807	35.7	48.3	52.5	43.8
808	40.4	46.0	44.7	50.7
809	49.0	43.7	47.0	44.8
810	33.8	14.5	46.9	48.6
811	49.0	50.0	55.3	46.5
812	40.8	47.2	52.8	46.9
813	40.4	51.3	46.7	52.0
814	57.9	55.8	47.1	51.1
815	79.0	47.4	43.3	52.0
816	43.2	39.0	57.1	51.2
817	46.8	58.4	53.1	43.7
818	57.0	49.3	57.8	52.3
819	56.6	45.8	53.9	54.5
820	51.6	48.8	55.1	49.7
821	62.3	40.7	52.8	43.9
822	52.6	59.5	53.3	50.9
823	44.5	44.1	48.6	44.9
824	39.5	51.6	47.7	43.5
825	54.0	47.4	54.4	56.9
826	56.0	56.3	56.2	52.3
827	46.5	55.1	49.0	42.7
828	24.0	45.5	53.9	53.4
829	44.8	44.8	55.3	46.8
830	51.4	43.6	52.1	51.9
831	54.0	46.8	56.1	42.0
832	45.5	47.3	56.7	55.0
833	39.5	52.0	50.2	49.2
834	49.8	48.3	57.0	49.3
835	43.0	56.4	52.2	44.9
836	54.5	57.4	62.5	55.1
837	52.4	50.0	53.8	50.2
838	52.4	49.0	57.0	44.7
839	49.7	50.6	57.1	37.4
840	48.1	45.7	50.1	49.8
841	43.1	57.2	56.5	49.5
842	49.0	62.5	49.4	53.5
843	42.9	49.2	51.6	52.4
844	45.8	29.8	59.0	56.5
845	50.5	53.2	50.7	48.8
846	46.6	45.5	50.6	51.0
847	48.6	48.6	59.4	43.1
848	45.3	51.3	49.9	48.1
849	48.1	46.2	53.9	48.0
850	47.6	53.2	57.0	46.5
851	55.7	51.3	54.1	54.0
852	49.3	54.9	55.9	48.3
853	59.0	49.4	48.6	42.3
854	55.9	41.3	58.3	53.6
855	48.0	49.6	61.1	50.3
856	59.0	48.7	55.3	42.3
857	46.9	45.1	54.8	47.7
858	41.8	51.8	55.2	47.2
859	51.3	55.0	51.0	45.4
860	34.0	49.5	50.9	56.9
861	41.3	39.7	50.9	42.8
862	41.9	38.9	52.1	46.6
863	38.5	51.5	55.8	47.4
864	46.0	46.9	45.8	47.4
865	46.4	34.5	57.7	65.4
866	36.5	43.9	49.5	45.4
867	47.6	45.2	56.6	43.4
868	40.1	49.0	51.6	46.7
869	40.4	51.8	51.0	49.8
870	41.9	55.5	62.4	46.0
871	63.5	44.2	52.8	57.8
872	56.7	44.7	55.5	50.7
873	63.3	52.6	52.6	51.8
874	56.6	45.3	59.3	54.2
875	41.1	48.1	52.9	45.4
876	37.3	38.2	61.5	52.5
877	64.5	48.5	54.9	46.5
878	41.8	35.1	54.8	48.6
879	53.7	52.5	54.6	49.0
880	64.7	38.5	52.8	47.3
881	44.6	45.0	54.5	45.8
882	41.5	44.0	60.2	39.8
883	45.3	46.1	54.3	74.0
884	52.3	44.4	49.9	50.2
885	52.1	48.1	55.0	53.9
886	50.9	47.6	51.8	49.9
887	47.5	44.0	60.2	52.6
888	57.9	46.8	54.4	52.8
889	51.5	49.3	58.3	42.6
890	42.2	45.8	63.3	27.1
891	39.0	43.5	52.1	45.1
892	49.3	45.6	51.1	47.8
893	43.4	54.3	56.5	47.3
894	40.8	44.3	50.7	50.3
895	50.3	49.4	52.0	43.6
896	44.3	52.6	55.5	44.8
897	57.1	52.3	52.7	35.8
898	59.0	46.5	56.3	55.0
899	44.8	52.5	52.5	55.5
900	59.7	49.2	55.8	37.0
901	47.0	32.2	56.8	48.4
902	43.7	50.0	55.2	39.5
903	53.0	44.5	54.0	47.6
904	49.9	41.2	49.0	39.8
905	60.0	55.1	63.8	49.7
906	33.8	56.4	51.4	50.9
907	38.6	50.8	56.0	62.0
908	45.4	46.3	48.3	49.2
909	47.0	52.0	53.9	49.9
910	29.0	43.7	63.1	38.0
911	49.0	55.8	59.6	49.5
912	47.2	49.7	56.4	43.5
913	39.5	48.2	56.4	49.9
914	41.0	47.4	55.0	50.1
915	44.5	49.3	50.8	44.1
916	55.2	48.9	59.5	44.8
917	43.0	48.5	58.8	42.9
918	52.9	45.2	58.0	53.5
919	46.6	49.3	59.7	56.0
920	57.1	49.4	58.0	40.4
921	48.7	43.0	59.0	48.8
922	57.8	50.4	55.7	49.5
923	46.8	43.7	47.8	47.3
924	50.5	67.7	48.3	50.0
925	49.6	55.3	61.3	62.3
926	51.3	65.9	55.8	48.0
927	42.0	50.1	49.7	34.5
928	41.8	51.5	53.4	41.5
929	45.2	47.6	62.3	44.9
930	56.0	37.7	56.3	55.0
931	53.0	49.4	51.0	46.9
932	44.2	57.2	42.2	43.4
933	47.4	54.2	52.4	50.3
934	61.3	57.8	56.3	48.8
935	58.3	51.8	54.4	45.3
936	45.3	46.9	54.9	53.0
937	50.9	44.1	57.1	47.2
938	44.2	56.9	53.8	44.7
939	71.2	44.3	48.8	47.1
940	54.9	45.4	55.5	54.7
941	60.0	37.6	59.9	55.8
942	42.6	57.4	64.6	55.0
943	72.6	70.3	57.4	33.0
944	50.2	44.8	58.1	51.8
945	46.6	55.9	61.0	50.1
946	52.2	49.8	50.3	47.3
947	43.2	44.1	56.0	53.0
948	49.6	49.4	53.5	51.6
949	49.0	53.7	55.4	49.7
950	56.2	54.9	51.9	45.7
951	59.8	41.6	53.3	42.1
952	52.3	47.4	54.0	52.4
953	54.7	44.4	55.7	51.0
954	63.5	52.1	59.3	49.3
955	55.3	42.7	54.9	65.5
956	49.8	39.0	51.7	42.8
957	49.0	52.8	54.7	51.8
958	47.6	47.2	54.8	47.6
959	54.4	49.3	55.5	45.5
960	49.2	36.6	71.1	54.1
961	49.3	48.5	50.3	45.8
962	50.4	59.0	61.9	53.6
963	48.4	55.2	61.8	47.8
964	61.9	42.7	51.4	50.2
965	46.6	41.7	52.0	44.1
966	44.4	47.0	59.7	53.7
967	34.0	52.7	52.1	46.1
968	47.3	42.6	54.4	53.6
969	45.4	50.2	55.1	47.1
970	54.0	46.3	48.6	40.3
971	54.3	42.2	60.4	57.0
972	48.0	46.1	50.6	51.0
973	44.8	48.5	46.5	42.3
974	45.8	50.4	48.6	44.1
975	43.2	56.5	55.7	46.0
976	49.2	45.4	50.1	52.8
977	43.8	57.8	54.6	49.6
978	60.8	51.9	50.0	45.7
979	46.1	47.9	51.2	42.4
980	47.8	46.7	54.0	48.8
981	33.7	46.1	52.3	42.8
982	46.9	69.8	45.1	35.7
983	48.5	41.9	50.1	53.4
984	45.9	59.4	68.5	47.2
985	51.6	53.6	59.6	45.3
986	53.8	51.6	59.9	42.8
987	54.9	52.1	56.6	45.4
988	44.8	50.8	56.9	43.1
989	59.6	51.3	64.8	50.7
990	55.3	52.7	55.3	38.7
991	40.3	56.3	47.9	51.1
992	58.3	49.0	52.5	49.5
993	48.7	44.0	54.8	45.1
994	53.4	37.5	56.7	54.3
995	51.7	54.0	53.3	45.1
996	49.0	49.0	56.5	44.8
997	41.3	52.9	50.2	38.6
998	46.5	46.5	49.0	37.5
999	53.3	53.0	52.5	44.4
1000	53.4	54.6	49.0	56.0
1001	55.7	38.8	51.5	47.4
1002	44.0	39.6	53.9	47.8
1003	51.4	46.1	55.7	46.1
1004	35.8	48.1	57.5	46.4
1005	37.9	43.2	50.3	40.6
1006	48.0	45.1	59.5	53.2
1007	47.6	44.5	57.2	47.3
1008	60.4	49.9	51.0	43.6
1009	59.0	39.2	50.3	55.4
1010	48.4	58.1	54.6	43.1
1011	49.4	46.4	54.9	51.0
1012	64.6	56.3	58.4	51.2
1013	57.2	47.7	56.7	41.7
1014	53.5	47.3	54.4	46.4
1015	46.3	44.8	59.8	48.0
1016	49.4	53.2	47.9	47.3
1017	48.5	44.8	60.2	48.4
1018	52.7	51.1	51.0	42.5
1019	41.6	53.6	67.7	44.0
1020	49.7	39.8	62.4	44.0
1021	56.9	53.5	54.4	50.6
1022	54.0	43.6	56.5	48.4
1023	75.0	50.4	59.3	46.1
1024	47.7	49.0	55.9	47.4
1025	53.3	52.4	51.9	49.0
1026	51.5	51.7	60.4	54.5
1027	58.2	56.2	54.9	48.8
1028	60.4	49.9	54.8	50.4
1029	46.1	45.5	57.2	41.9
1030	45.3	39.2	56.1	42.8
1031	51.9	42.6	52.1	48.5
1032	55.8	45.6	53.4	46.6
1033	33.0	46.6	52.3	48.1
1034	59.5	51.2	56.3	54.7
1035	45.2	49.6	58.5	47.1
1036	54.0	55.0	54.2	52.3
1037	42.9	45.8	53.0	55.2
1038	52.5	48.0	57.3	46.7
1039	55.2	56.2	59.0	40.8
1040	44.0	52.9	55.2	43.8
1041	54.6	44.1	57.9	45.3
1042	47.8	43.4	58.2	43.5
1043	49.8	41.0	59.9	35.2
1044	39.6	50.0	58.6	47.4
1045	48.5	64.0	64.6	44.0
1046	40.6	49.3	48.2	44.1
1047	51.9	62.8	62.0	41.7
1048	50.5	44.3	54.8	38.8
1049	65.0	51.3	64.3	56.8
1050	57.8	50.3	45.6	53.5
1051	50.9	82.0	53.3	48.3
1052	59.0	41.7	58.1	56.4
1053	53.8	27.6	63.4	54.8
1054	50.7	47.8	55.4	43.5
1055	60.7	44.4	56.0	40.6
1056	49.4	45.7	57.3	48.1
1057	58.0	53.4	56.6	66.7
1058	53.5	50.1	58.0	45.0
1059	52.8	48.8	59.6	47.8
1060	63.4	46.8	54.0	50.1
1061	53.3	43.3	54.3	47.8
1062	52.5	51.4	60.5	49.0
1063	49.8	50.6	58.0	49.7
1064	54.4	53.9	52.2	52.2
1065	51.1	50.5	59.4	55.6
1066	52.3	52.3	55.0	50.0
1067	44.5	49.6	53.1	48.3
1068	51.4	50.8	53.6	48.3
1069	45.5	45.0	61.1	58.0
1070	49.2	47.0	59.0	45.4
1071	55.8	46.2	56.3	49.4
1072	52.1	64.0	52.3	49.6
1073	49.8	47.0	82.8	50.5
1074	39.0	42.4	57.8	60.3
1075	55.4	44.1	56.3	51.4
1076	50.7	43.3	50.3	52.1
1077	51.2	41.8	51.6	48.0
1078	39.7	52.9	63.6	44.5
1079	57.0	45.2	52.8	52.8
1080	47.5	52.6	47.5	44.4
1081	36.8	46.2	50.9	47.1
1082	43.5	48.2	55.8	44.6
1083	49.5	42.2	58.0	50.9
1084	41.4	47.9	58.3	45.9
1085	45.7	46.5	50.1	51.7
1086	51.1	45.5	44.2	48.0
1087	48.4	53.8	49.8	56.7
1088	46.3	48.7	56.9	41.6
1089	56.3	45.7	51.4	59.3
1090	44.2	42.1	55.4	61.9
1091	47.5	44.6	55.8	46.4
1092	49.0	77.0	60.4	51.6
1093	51.2	46.9	50.5	46.1
1094	51.8	50.6	56.1	49.6
1095	48.7	48.3	54.5	44.7
1096	54.7	35.7	67.4	47.0
1097	56.7	61.9	57.1	51.7
1098	50.7	55.1	63.9	50.6
1099	53.8	60.4	53.2	45.1
1100	54.0	49.0	56.4	43.6
1101	48.3	52.5	60.6	44.5
1102	45.1	48.2	53.4	43.1
1103	45.5	45.5	56.6	52.9
1104	54.0	49.7	59.9	47.0
1105	47.6	47.0	46.1	46.8
1106	54.0	37.9	57.5	50.1
1107	56.8	50.2	51.9	43.5
1108	57.9	57.6	54.1	44.0
1109	46.7	54.7	61.4	49.6
1110	47.4	42.7	55.0	47.3
1111	52.5	54.0	41.8	44.8
1112	70.0	41.9	57.4	36.0
1113	41.6	52.2	50.2	39.5
1114	65.7	44.2	50.1	41.5
1115	44.5	42.7	49.5	49.2
1116	52.0	61.3	62.5	45.5
1117	60.0	44.6	56.5	42.3
1118	46.3	49.9	56.1	45.4
1119	40.9	48.2	59.7	57.6
1120	49.9	48.7	54.7	43.4
1121	55.2	47.5	55.4	45.3
1122	49.6	47.2	62.5	40.1
1123	45.5	50.0	55.5	52.0
1124	60.0	47.8	51.2	41.4
1125	56.4	55.2	53.9	49.0
1126	50.1	39.7	52.1	48.2
1127	44.6	46.2	60.3	49.9
1128	35.9	54.7	58.0	52.5
1129	40.7	45.5	55.8	51.0
1130	46.5	46.5	54.2	49.6
1131	47.5	40.7	52.3	52.3
1132	36.9	44.3	56.4	48.4
1133	53.0	41.7	54.9	50.6
1134	41.6	54.8	58.1	56.8
1135	41.1	56.5	49.6	47.6
1136	44.3	51.1	49.3	55.7
1137	37.6	47.1	54.3	41.5
1138	47.9	45.0	54.3	53.8
1139	45.7	51.0	60.0	43.4
1140	53.4	50.3	52.3	49.5
1141	53.6	52.9	49.4	51.1
1142	38.8	54.8	58.6	50.9
1143	45.5	48.3	52.5	48.0
1144	45.3	45.0	61.5	58.3
1145	44.4	43.2	64.1	55.3
1146	48.2	45.5	61.9	50.3
1147	54.3	56.1	54.2	54.7
1148	38.5	47.9	55.2	53.9
1149	50.8	48.0	54.7	44.3
1150	48.6	47.7	56.3	52.2
1151	56.3	58.5	55.1	49.0
1152	50.8	51.5	63.4	40.1
1153	63.4	50.1	58.5	42.2
1154	56.7	51.3	54.2	41.6
1155	47.9	47.2	52.6	38.2
1156	54.8	58.5	54.9	43.6
1157	52.3	47.8	60.4	38.8
1158	58.2	53.5	64.6	43.3
1159	51.5	51.2	61.5	45.5
1160	48.7	46.5	60.4	57.3
1161	58.3	53.2	64.0	43.0
1162	47.8	51.5	54.3	51.9
1163	52.1	45.1	60.8	53.3
1164	48.6	44.7	52.4	42.5
1165	59.7	51.6	60.3	55.1
1166	59.0	46.7	52.5	55.2
1167	54.0	49.1	55.5	52.9
1168	48.1	43.8	57.3	53.8
1169	51.6	52.6	49.2	53.3
1170	53.5	51.4	50.3	37.2
1171	46.5	47.4	51.2	55.1
1172	63.6	47.3	56.5	47.3
1173	49.7	52.1	45.8	42.3
1174	47.9	53.4	51.3	44.8
1175	53.8	52.8	59.9	50.7
1176	50.5	50.6	47.6	44.8
1177	49.7	43.7	44.9	53.3
1178	51.5	46.9	51.7	57.6
1179	49.4	48.3	54.5	48.0
1180	49.0	51.9	55.3	51.4
1181	42.6	44.9	52.7	48.8
1182	48.1	48.1	49.0	60.0
1183	52.0	50.7	53.9	48.7
1184	56.9	43.3	51.6	51.7
1185	58.5	50.2	64.9	47.1
1186	72.8	46.9	51.2	54.6
1187	41.3	46.3	53.8	45.3
1188	64.5	48.8	48.8	56.3
1189	43.8	50.5	46.9	43.2
1190	47.6	51.5	55.2	53.4
1191	49.2	56.0	51.1	49.9
1192	53.4	46.9	54.9	50.5
1193	49.7	49.9	51.0	57.8
1194	45.5	56.1	60.7	49.6
1195	59.0	52.5	52.3	45.3
1196	51.7	52.5	55.1	54.7
1197	70.0	52.7	57.1	49.3
1198	54.4	52.0	51.6	54.3
1199	44.6	51.5	48.3	53.2
1200	50.4	49.8	47.5	50.9
1201	49.7	52.2	58.2	42.7
1202	49.4	39.0	55.1	53.2
1203	48.4	49.5	54.6	40.3
1204	53.8	52.0	61.7	44.1
1205	49.0	51.0	59.0	56.6
1206	60.3	43.3	52.6	49.2
1207	50.2	50.0	53.8	51.4
1208	49.6	45.5	54.3	46.5
1209	49.7	49.7	52.0	47.6
1210	53.0	47.7	59.8	51.6
1211	42.5	45.7	62.8	54.9
1212	51.4	44.7	56.6	46.1
1213	44.8	60.1	59.3	58.0
1214	51.0	48.7	51.0	56.5
1215	55.3	50.3	59.2	50.9
1216	53.2	47.3	56.4	42.6
1217	49.0	44.1	49.9	50.4
1218	56.1	35.5	57.0	38.0
1219	51.8	57.2	50.7	41.7
1220	56.1	50.2	48.8	44.3
1221	55.8	45.7	61.8	52.4
1222	55.7	52.1	56.1	47.6
1223	57.3	45.7	64.0	42.1
1224	48.4	49.3	59.0	52.2
1225	46.8	52.2	56.2	49.5
1226	59.6	52.5	57.8	45.2
1227	63.4	47.4	58.5	48.2
1228	55.8	56.2	52.3	52.4
1229	56.7	43.2	65.0	43.0
1230	44.6	47.6	56.8	51.6
1231	55.4	38.4	57.6	48.7
1232	45.3	34.7	50.4	48.8
1233	49.5	50.9	54.2	43.0
1234	59.7	50.9	57.2	38.1
1235	48.3	44.7	64.1	48.6
1236	56.2	54.6	60.3	50.5
1237	56.7	49.9	55.7	50.4
1238	39.7	46.7	64.3	52.3
1239	48.7	52.2	54.4	45.5
1240	30.7	52.7	51.4	41.3
1241	49.0	43.3	45.9	47.6
1242	47.8	57.7	57.5	41.8
1243	54.7	84.0	51.8	44.4
1244	43.8	43.2	61.0	43.4
1245	41.1	49.0	58.3	51.1
1246	49.3	46.3	61.1	55.9
1247	49.4	49.0	57.9	49.0
1248	53.5	40.5	40.3	52.8
1249	45.7	50.9	63.3	41.3
1250	51.9	45.7	54.4	47.2
1251	54.4	62.8	53.2	44.5
1252	46.8	50.4	55.7	57.6
1253	49.8	48.4	59.0	50.5
1254	52.3	52.7	48.1	49.6
1255	51.3	54.9	60.3	58.0
1256	52.2	47.8	62.6	48.2
1257	60.0	57.9	61.5	52.1
1258	42.2	51.2	62.8	50.5
1259	49.2	50.1	58.0	42.7
1260	47.4	46.1	56.3	50.4
1261	35.4	46.8	54.5	41.5
1262	51.1	50.5	55.3	46.1
1263	49.0	51.4	48.8	44.9
1264	46.6	52.2	54.0	45.9
1265	33.6	46.7	55.1	48.6
1266	52.0	49.0	75.4	44.2
1267	46.7	38.5	58.5	52.3
1268	43.2	47.6	54.8	45.1
1269	45.5	45.3	59.3	56.2
1270	54.7	53.0	53.6	50.7
1271	50.8	54.1	56.4	49.3
1272	46.8	51.9	58.4	45.8
1273	47.4	28.4	59.0	55.7
1274	50.9	54.4	61.5	55.3
1275	41.7	49.3	57.5	49.9
1276	47.2	53.2	53.3	52.3
1277	47.2	50.3	53.4	46.8
1278	50.8	50.3	45.9	40.5
1279	40.0	47.7	62.0	52.7
1280	42.8	53.6	57.9	49.9
1281	46.2	48.6	54.3	49.6
1282	46.6	47.2	51.5	54.7
1283	65.3	52.6	58.3	53.4
1284	59.5	48.4	56.8	53.1
1285	50.6	48.2	50.4	55.3
1286	45.7	49.0	58.2	54.0
1287	51.4	49.0	46.8	46.4
1288	52.8	60.8	51.0	52.0
1289	50.5	56.9	48.6	49.4
1290	47.5	50.0	48.2	53.5
1291	46.3	45.2	55.3	46.6
1292	42.5	49.7	54.3	36.7
1293	46.3	53.4	49.6	44.1
1294	49.9	54.1	57.2	37.3
1295	51.3	48.5	56.3	47.2
1296	46.1	42.8	57.0	38.7
1297	41.6	52.1	52.5	50.1
1298	47.7	62.1	50.7	30.4
1299	52.8	49.0	59.0	34.9
1300	36.7	47.2	68.3	64.0
1301	41.9	42.7	57.7	47.0
1302	54.6	44.1	58.0	46.6
1303	48.8	56.5	53.4	49.3
1304	53.7	28.1	63.1	35.5
1305	47.3	45.6	49.0	43.7
1306	44.3	49.3	45.5	44.4
1307	56.5	50.9	56.2	50.6
1308	52.8	49.7	50.5	54.0
1309	54.2	46.1	61.7	50.5
1310	44.6	53.6	55.8	55.4
1311	53.4	52.6	63.5	47.0
1312	44.5	45.8	57.9	50.0
1313	59.7	51.1	56.5	50.0
1314	56.1	42.6	56.5	51.6
1315	60.3	47.6	57.6	40.0
1316	57.5	46.3	55.0	51.9
1317	47.9	51.1	61.0	40.7
1318	44.3	52.9	60.3	53.3
1319	42.7	47.2	50.5	57.4
1320	39.0	45.1	53.0	56.2
1321	40.2	52.8	52.9	47.6
1322	41.6	41.4	48.5	52.6
1323	34.6	55.3	50.0	44.9
1324	44.9	46.5	54.0	54.8
1325	46.8	57.0	55.7	50.1
1326	48.8	47.5	56.6	50.7
1327	51.5	64.4	49.5	46.7
1328	59.8	59.5	56.7	49.0
1329	57.5	47.3	61.4	51.8
1330	51.8	42.4	50.1	48.2
1331	54.8	42.5	62.2	60.2
1332	55.9	49.3	53.4	51.3
1333	52.8	46.7	59.2	59.0
1334	49.4	47.9	51.5	40.6
1335	54.4	47.8	59.5	48.2
1336	46.2	54.8	57.1	46.9
1337	46.6	55.0	57.8	47.5
1338	41.5	45.9	51.4	53.4
1339	45.3	42.2	58.8	52.9
1340	46.4	42.3	55.2	51.1
1341	56.9	43.5	63.3	45.9
1342	66.4	50.6	47.4	55.3
1343	48.6	53.3	61.5	44.1
1344	61.8	47.7	53.7	40.3
1345	53.7	50.5	47.1	42.2
1346	53.4	51.7	61.4	42.2
1347	51.9	51.8	61.9	44.0
1348	46.2	48.0	46.8	49.7
1349	42.6	46.8	52.6	45.2
1350	54.0	49.2	58.5	55.0
1351	49.0	44.9	52.9	41.4
1352	44.6	61.8	57.8	45.9
1353	48.0	74.3	58.5	44.7
1354	47.1	56.9	58.1	36.8
1355	49.0	50.8	53.2	53.6
1356	44.1	47.8	47.5	43.1
1357	47.5	55.8	56.5	47.9
1358	48.6	51.6	59.7	45.4
1359	48.7	54.9	56.5	54.7
1360	54.6	42.1	48.8	55.3
1361	54.0	45.4	58.1	50.3
1362	54.2	44.0	56.6	52.1
1363	52.5	50.6	55.2	51.5
1364	48.7	50.1	51.8	48.3
1365	56.9	43.7	61.4	48.4
1366	58.0	47.2	57.1	45.1
1367	49.0	51.6	52.8	47.5
1368	55.7	50.0	53.5	52.8
1369	56.4	55.0	54.3	41.4
1370	58.8	50.3	56.4	47.4
1371	41.5	52.8	54.4	50.5
1372	47.3	49.9	57.1	39.8
1373	49.0	51.1	51.5	52.7
1374	43.7	45.1	58.0	61.4
1375	52.1	47.9	61.3	47.0
1376	45.3	43.9	50.3	63.0
1377	55.9	49.5	71.4	52.8
1378	44.5	47.6	45.9	46.6
1379	48.3	45.7	50.5	48.5
1380	50.3	48.2	54.8	47.8
1381	45.2	42.0	56.0	52.4
1382	40.2	44.6	54.7	50.8
1383	47.3	43.5	51.6	51.9
1384	54.0	51.9	49.9	40.1
1385	56.7	46.2	60.4	54.6
1386	44.4	51.2	55.8	45.5
1387	40.3	57.3	48.0	41.6
1388	48.8	48.3	57.9	44.2
1389	43.2	57.3	54.5	50.6
1390	55.7	44.3	55.0	49.0
1391	48.0	46.9	59.3	54.7
1392	50.7	40.3	55.3	48.1
1393	49.0	50.0	62.0	38.7
1394	41.9	46.8	57.1	44.1
1395	47.2	50.9	52.1	44.4
1396	35.0	47.0	55.0	49.0
1397	46.4	43.7	53.8	51.8
1398	48.4	46.0	60.8	51.8
1399	65.4	49.8	51.7	49.6
1400	42.7	40.6	53.2	44.1
1401	54.0	52.8	59.5	48.3
1402	44.3	55.2	55.9	44.3
1403	56.9	47.2	58.4	48.4
1404	45.4	47.5	56.2	50.4
1405	56.3	48.5	53.7	45.6
1406	49.0	42.1	55.6	45.6
1407	45.3	49.0	49.9	48.7
1408	50.1	40.2	66.5	50.9
1409	39.0	46.9	55.1	50.6
1410	39.0	52.8	62.0	43.3
1411	42.8	48.8	54.3	42.5
1412	43.2	46.7	47.6	49.3
1413	56.9	53.8	48.8	49.5
1414	38.6	51.6	52.3	49.0
1415	56.0	48.0	53.9	50.4
1416	42.1	48.4	47.0	48.0
1417	46.7	36.4	56.8	47.2
1418	45.2	47.5	59.8	49.8
1419	39.9	49.8	61.1	47.5
1420	39.0	45.3	48.5	61.3
1421	51.5	23.8	51.8	44.6
1422	62.7	45.7	56.4	46.8
1423	53.2	50.5	54.2	52.5
1424	46.5	50.0	53.1	45.8
1425	36.9	46.1	58.8	44.6
1426	45.9	45.6	59.6	48.0
1427	45.2	52.4	48.9	43.0
1428	43.4	52.5	59.9	44.6
1429	48.1	43.1	59.3	47.5
1430	50.3	42.9	57.1	49.0
1431	47.5	52.2	57.1	45.4
1432	60.6	45.8	60.9	44.6
1433	36.6	49.3	52.0	47.7
1434	44.0	59.8	51.2	54.5
1435	51.4	49.2	59.4	56.4
1436	28.3	56.8	53.6	47.9
1437	46.9	44.7	61.3	53.9
1438	47.3	49.0	53.1	43.1
1439	54.0	52.7	63.0	41.8
1440	45.3	53.7	60.2	43.1
1441	45.5	43.3	53.2	43.9
1442	46.9	49.4	60.1	43.9
1443	49.3	42.1	51.1	51.2
1444	57.3	47.4	48.4	54.1
1445	41.1	49.9	53.6	52.3
1446	37.1	44.9	52.1	50.8
1447	46.3	40.7	57.0	47.1
1448	45.7	58.6	57.4	39.4
1449	42.2	44.2	54.2	52.5
1450	67.0	48.1	50.8	55.0
1451	51.4	34.0	51.4	51.7
1452	52.9	59.8	66.6	50.0
1453	67.2	43.3	62.2	43.7
1454	49.8	42.3	60.6	39.6
1455	72.3	46.3	53.9	49.2
1456	62.1	49.2	51.9	48.1
1457	46.7	55.8	54.9	48.7
1458	48.4	53.3	48.1	52.5
1459	52.8	57.3	49.9	48.6
1460	44.2	63.6	64.2	53.6
1461	40.5	50.4	50.9	53.9
1462	54.3	38.8	57.0	48.0
1463	55.3	49.9	52.1	48.2
1464	45.0	56.4	53.3	48.7
1465	50.7	48.0	61.8	49.3
1466	53.7	48.7	62.2	57.3
1467	44.7	48.2	61.4	44.1
1468	50.4	46.0	55.9	47.5
1469	51.4	45.3	59.5	49.3
1470	60.2	46.6	53.0	49.4
1471	49.0	49.9	55.5	47.8
1472	43.2	50.4	62.4	44.6
1473	51.3	49.5	58.3	49.4
1474	49.5	42.8	61.0	51.6
1475	44.3	43.6	57.9	35.1
1476	49.9	49.9	57.8	50.2
1477	46.5	48.8	50.8	52.9
1478	44.8	54.6	55.8	58.1
1479	43.4	45.0	59.5	49.3
1480	43.2	51.6	53.6	57.8
1481	46.1	57.6	58.8	45.8
1482	49.8	46.8	53.4	59.0
1483	51.9	56.7	55.9	50.9
1484	44.2	53.0	57.0	46.9
1485	36.4	46.8	43.5	52.2
1486	49.3	44.7	55.6	47.8
1487	43.5	51.2	55.5	50.2
1488	48.5	46.9	54.9	39.4
1489	47.3	47.6	55.8	50.3
1490	49.8	43.1	52.2	46.7
1491	41.6	50.7	53.7	50.6
1492	51.8	45.5	53.0	40.7
1493	40.1	49.7	51.7	44.3
1494	53.1	50.2	50.8	47.8
1495	49.0	46.1	66.1	55.6
1496	43.7	21.7	59.3	49.6
1497	34.8	48.2	46.8	43.8
1498	45.8	43.4	54.3	58.3
1499	3.8	53.0	57.7	57.4
1500	51.2	48.1	53.8	42.7
1501	54.6	49.9	61.8	45.9
1502	47.5	51.9	68.2	43.1
1503	51.1	52.4	59.4	56.6
1504	50.8	47.9	56.6	41.6
1505	47.5	51.3	50.8	63.7
1506	59.4	50.3	44.7	46.9
1507	43.2	54.7	42.6	44.7
1508	42.3	49.9	53.8	44.2
1509	57.5	52.3	53.3	55.9
1510	44.1	42.4	56.7	43.2
1511	55.0	47.9	55.1	44.9
1512	54.0	45.6	54.7	56.4
1513	51.9	61.4	55.2	46.7
1514	47.8	52.1	54.2	47.0
1515	53.4	50.2	58.3	59.6
1516	51.9	54.9	57.0	47.4
1517	48.6	40.5	53.7	55.6
1518	58.0	51.9	48.6	44.8
1519	59.4	47.1	57.0	50.4
1520	51.4	55.0	55.1	44.5
1521	71.2	49.6	55.5	49.0
1522	38.2	49.6	45.7	43.8
1523	55.1	49.0	56.0	47.3
1524	58.0	54.9	56.1	45.6
1525	54.3	47.9	50.4	46.9
1526	55.1	43.1	57.3	44.6
1527	65.7	53.6	57.1	41.2
1528	62.1	43.0	52.5	54.6
1529	64.7	52.8	52.7	41.0
1530	57.7	53.7	55.7	40.6
1531	58.4	46.2	58.1	42.3
1532	67.8	72.6	59.9	51.8
1533	45.4	52.3	49.0	35.2
1534	27.8	44.2	52.0	55.5
1535	59.0	49.7	52.5	55.5
1536	56.1	46.7	48.5	48.1
1537	48.1	44.6	62.3	47.6
1538	39.0	44.0	54.8	55.3
1539	36.6	44.2	52.1	47.9
1540	44.6	45.8	57.4	50.8
1541	46.6	43.5	53.6	46.4
1542	54.8	56.7	56.3	47.0
1543	50.7	41.3	51.1	42.1
1544	52.8	48.0	51.7	44.2
1545	39.4	49.5	52.9	39.5
1546	48.5	52.5	56.8	56.1
1547	38.5	44.7	47.9	56.6
1548	39.1	45.5	61.2	46.1
1549	46.5	50.7	54.9	50.4
1550	51.4	51.9	56.4	50.8
1551	44.9	54.7	49.9	45.9
1552	38.1	43.5	53.9	42.9
1553	52.6	48.3	46.6	34.2
1554	45.7	49.5	50.4	50.6
1555	51.7	48.0	55.8	41.8
1556	56.5	46.2	49.0	48.6
1557	45.8	49.2	49.5	41.9
1558	71.5	51.8	64.2	49.0
1559	62.7	56.8	55.8	51.8
1560	38.6	50.3	40.7	52.7
1561	46.9	45.3	54.5	62.3
1562	41.4	43.2	57.2	47.4
1563	39.0	45.7	57.9	45.9
1564	48.0	42.1	47.2	44.2
1565	48.0	41.4	53.2	51.4
1566	45.9	44.9	56.4	45.7
1567	42.5	42.8	48.7	45.3
1568	39.6	42.5	56.6	51.6
1569	46.3	50.5	59.2	45.9
1570	48.8	47.6	58.6	51.4
1571	49.5	47.0	51.7	53.3
1572	43.9	47.7	59.0	55.3
1573	49.4	45.9	66.7	50.2
1574	39.0	34.1	56.7	43.2
1575	59.4	40.1	52.8	48.0
1576	59.0	-5.2	64.9	56.3
1577	39.0	48.1	59.7	48.1
1578	41.9	44.7	57.4	49.5
1579	46.5	40.1	60.3	42.5
1580	49.9	56.7	50.9	52.3
1581	40.2	51.2	58.7	52.3
1582	47.1	53.4	59.0	49.7
1583	30.6	49.0	50.5	50.1
1584	48.7	51.1	56.0	49.9
1585	51.9	47.9	54.2	50.5
1586	47.2	47.6	61.1	55.5
1587	41.3	49.8	52.1	42.3
1588	53.1	44.1	55.3	42.8
1589	46.6	42.3	52.7	47.5
1590	39.5	45.4	52.9	45.3
1591	55.8	51.3	51.9	44.8
1592	40.7	49.0	49.8	44.3
1593	34.3	46.1	65.5	47.6
1594	46.3	44.9	52.1	51.1
1595	46.3	45.4	52.2	46.9
1596	52.0	52.2	47.1	48.0
1597	52.9	48.0	53.3	43.9
1598	44.8	53.8	63.0	47.6
1599	48.2	47.8	48.3	45.0
1600	55.2	56.5	56.2	53.5
1601	47.8	46.7	44.4	51.9
1602	43.8	55.3	65.2	48.7
1603	50.4	32.6	66.0	51.9
1604	47.2	45.4	57.2	50.1
1605	50.2	48.6	60.1	53.6
1606	55.1	53.8	62.3	54.6
1607	49.3	48.2	58.8	46.0
1608	57.2	47.2	52.8	51.4
1609	45.2	51.5	54.9	60.3
1610	52.4	58.6	58.8	53.3
1611	55.0	46.8	60.0	53.9
1612	47.6	46.7	61.2	46.3
1613	65.0	50.7	51.8	55.0
1614	50.4	45.5	53.0	54.9
1615	41.7	41.0	49.8	45.3
1616	44.4	44.6	53.0	51.7
1617	57.7	63.3	61.0	47.1
1618	55.7	37.7	53.1	51.3
1619	51.5	47.1	57.1	44.3
1620	40.6	47.8	61.1	41.1
1621	42.4	47.5	48.4	50.7
1622	42.4	42.1	60.8	50.4
1623	47.6	45.3	60.1	44.6
1624	58.3	35.4	60.8	47.2
1625	46.0	48.2	49.9	44.8
1626	45.7	53.2	56.3	49.7
1627	47.5	57.3	53.2	49.0
1628	64.0	37.4	56.7	50.1
1629	62.6	53.7	54.6	45.3
1630	35.2	68.2	54.8	54.2
1631	49.9	53.9	57.5	55.6
1632	47.8	44.2	57.4	50.2
1633	53.0	50.5	63.9	46.0
1634	50.8	43.2	57.9	60.5
1635	60.0	50.3	56.9	49.4
1636	49.6	51.4	56.5	47.8
1637	57.5	48.8	51.3	53.0
1638	63.2	47.9	51.2	40.6
1639	45.2	45.3	51.0	43.3
1640	43.5	51.3	53.8	37.9
1641	61.3	55.2	57.3	50.7
1642	58.4	50.7	58.3	42.1
1643	39.2	44.4	57.5	45.3
1644	57.1	43.0	57.8	44.4
1645	51.7	53.1	54.2	42.4
1646	66.0	52.6	55.5	55.3
1647	41.1	50.7	51.0	49.2
1648	47.7	46.0	51.9	41.1
1649	46.1	47.6	51.3	50.5
1650	47.2	41.8	55.8	48.8
1651	49.0	45.1	50.6	45.7
1652	49.4	48.8	56.7	43.4
1653	38.3	49.3	66.4	44.4
1654	54.0	48.1	56.1	54.4
1655	52.2	48.8	49.9	46.8
1656	47.1	50.0	52.3	53.4
1657	46.6	49.3	57.5	52.3
1658	69.4	53.3	57.0	56.1
1659	59.0	59.2	61.8	50.1
1660	61.1	46.1	57.2	53.1
1661	52.4	49.8	53.8	49.5
1662	57.0	43.7	54.9	41.7
1663	53.9	45.8	55.3	50.9
1664	56.1	51.3	58.1	51.2
1665	51.1	54.6	64.7	45.6
1666	50.1	46.4	56.4	44.7
1667	59.4	45.8	54.1	48.0
1668	58.6	53.8	59.6	46.3
1669	54.7	48.2	54.0	52.5
1670	55.0	78.2	57.9	61.1
1671	76.8	43.1	58.6	42.8
1672	38.5	48.6	56.5	43.8
1673	37.0	42.2	51.3	44.9
1674	46.7	40.7	53.4	39.2
1675	46.4	48.8	57.8	36.1
1676	57.3	41.1	62.6	48.6
1677	38.0	47.6	52.2	48.4
1678	48.1	48.3	60.1	47.9
1679	51.9	49.0	59.0	46.4
1680	47.5	41.5	54.2	30.7
1681	47.3	46.0	56.3	39.3
1682	57.6	48.6	51.0	49.3
1683	55.4	51.1	59.3	52.1
1684	41.5	48.1	55.4	47.9
1685	52.3	52.6	62.0	64.7
1686	47.9	48.1	54.7	41.9
1687	47.8	52.1	56.1	49.3
1688	50.4	49.6	52.5	46.8
1689	45.7	42.7	45.5	45.6
1690	42.7	47.4	56.8	42.1
1691	53.4	52.1	55.4	44.7
1692	44.7	49.7	53.2	47.6
1693	45.3	39.3	55.5	55.5
1694	62.6	56.3	61.7	48.6
1695	57.9	45.5	57.9	52.3
1696	53.3	61.9	55.5	48.2
1697	44.0	41.0	55.3	39.0
1698	49.0	44.9	60.0	39.8
1699	45.9	43.6	50.7	40.8
1700	63.5	53.9	51.1	39.5
1701	44.8	46.9	48.0	47.9
1702	52.8	49.7	51.2	50.9
1703	48.7	44.4	51.8	42.6
1704	39.0	42.7	61.2	49.0
1705	52.0	47.5	56.0	39.3
1706	55.8	54.0	50.5	54.1
1707	44.0	48.7	54.5	45.9
1708	42.1	36.5	60.1	42.1
1709	54.6	46.0	58.2	39.0
1710	46.3	54.3	50.9	51.5
1711	46.2	43.4	53.3	50.8
1712	45.7	38.5	56.4	51.3
1713	50.9	44.0	54.0	50.9
1714	47.3	50.1	61.4	59.0
1715	45.8	49.2	58.6	58.8
1716	57.2	49.7	57.9	47.1
1717	65.2	43.9	54.1	47.4
1718	52.9	58.5	53.7	41.2
1719	60.1	47.3	57.3	51.6
1720	40.2	38.5	49.6	47.7
1721	37.6	51.5	58.8	54.7
1722	52.0	53.3	49.4	53.6
1723	58.4	39.8	58.4	51.9
1724	49.4	54.7	50.5	44.1
1725	48.1	51.5	60.8	45.8
1726	50.1	43.8	50.6	48.8
1727	55.8	44.7	54.4	52.5
1728	48.6	49.6	48.4	53.3
1729	46.6	47.0	54.3	50.4
1730	45.8	50.7	47.1	53.4
1731	49.8	48.1	58.3	54.9
1732	55.0	51.0	56.8	53.4
1733	52.6	60.2	56.5	46.0
1734	44.3	45.1	60.4	42.8
1735	53.7	45.5	61.3	44.8
1736	62.1	44.9	55.4	38.7
1737	56.0	54.7	55.4	46.8
1738	48.3	45.2	51.6	52.9
1739	55.1	48.1	51.2	58.7
1740	50.4	42.9	53.9	46.2
1741	47.4	39.2	51.2	45.6
1742	55.8	49.2	51.3	51.9
1743	47.8	49.8	52.3	61.3
1744	44.0	39.5	52.5	49.6
1745	55.2	46.6	46.4	44.4
1746	47.7	44.6	61.0	52.5
1747	56.2	52.0	50.3	49.0
1748	51.8	44.9	57.9	52.9
1749	57.2	45.6	68.7	40.9
1750	58.4	45.0	56.4	52.1
1751	50.5	57.6	59.7	47.6
1752	56.3	45.3	47.4	46.4
1753	52.3	49.6	56.4	48.6
1754	56.9	51.9	62.0	47.4
1755	56.6	53.2	69.7	49.9
1756	53.8	61.4	59.0	43.9
1757	59.0	49.3	55.9	56.3
1758	42.1	36.5	51.4	45.9
1759	43.6	46.3	57.8	50.1
1760	48.8	48.6	60.2	53.4
1761	56.2	42.5	52.3	36.7
1762	47.9	51.5	55.0	54.1
1763	37.1	44.2	60.2	47.5
1764	51.7	51.4	59.0	44.8
1765	37.1	49.6	57.7	41.3
1766	48.2	51.4	48.1	49.7
1767	47.5	52.0	56.8	52.4
1768	52.4	52.8	46.2	52.4
1769	65.5	41.5	53.6	46.7
1770	39.6	47.6	57.2	43.7
1771	46.4	51.7	50.5	47.4
1772	49.5	50.5	61.0	47.2
1773	50.1	51.1	56.1	45.1
1774	51.5	34.7	52.5	50.3
1775	38.3	49.5	52.0	53.2
1776	48.5	46.1	43.4	41.8
1777	43.9	50.1	53.2	46.2
1778	34.6	47.5	54.2	44.1
1779	64.8	53.3	55.0	56.4
1780	53.5	43.9	54.7	52.3
1781	45.3	67.2	62.5	48.5
1782	65.0	54.2	55.0	45.1
1783	38.4	53.0	56.1	46.6
1784	47.3	45.5	46.6	45.7
1785	61.3	46.6	48.3	54.5
1786	30.3	40.1	54.4	54.2
1787	43.1	44.4	51.2	45.1
1788	36.4	29.6	45.0	38.5
1789	45.0	49.7	45.3	46.5
1790	52.3	50.4	58.1	50.6
1791	59.0	45.4	57.9	49.8
1792	52.1	49.2	58.4	58.7
1793	56.9	49.2	51.6	29.8
1794	46.5	45.6	60.3	36.7
1795	47.8	51.1	47.4	52.8
1796	46.6	49.0	55.7	38.6
1797	52.8	47.7	54.3	47.0
1798	50.3	75.9	56.1	48.2
1799	55.8	40.2	55.7	47.4
1800	45.8	67.2	71.0	44.7
1801	44.0	42.9	53.6	41.6
1802	60.7	39.1	53.9	45.1
1803	41.7	47.9	49.0	38.4
1804	55.0	57.3	56.5	43.5
1805	48.0	43.8	61.9	43.6
1806	54.9	59.0	60.2	55.3
1807	35.6	50.4	52.3	52.5
1808	53.0	48.2	53.4	54.6
1809	47.9	55.7	49.7	60.8
1810	58.2	42.9	54.6	46.6
1811	54.0	50.8	52.8	49.0
1812	60.8	45.7	48.5	44.8
1813	51.7	39.7	53.4	52.3
1814	51.7	51.6	56.0	48.1
1815	51.3	48.4	59.7	42.9
1816	44.0	44.9	54.2	56.1
1817	42.8	50.0	52.1	44.8
1818	48.2	44.0	52.0	46.8
